solution_id,designation,source_id,random_index,ref_epoch,ra,ra_error,dec,dec_error,parallax,parallax_error,parallax_over_error,pm,pmra,pmra_error,pmdec,pmdec_error,ra_dec_corr,ra_parallax_corr,ra_pmra_corr,ra_pmdec_corr,dec_parallax_corr,dec_pmra_corr,dec_pmdec_corr,parallax_pmra_corr,parallax_pmdec_corr,pmra_pmdec_corr,astrometric_n_obs_al,astrometric_n_obs_ac,astrometric_n_good_obs_al,astrometric_n_bad_obs_al,astrometric_gof_al,astrometric_chi2_al,astrometric_excess_noise,astrometric_excess_noise_sig,astrometric_params_solved,astrometric_primary_flag,nu_eff_used_in_astrometry,pseudocolour,pseudocolour_error,ra_pseudocolour_corr,dec_pseudocolour_corr,parallax_pseudocolour_corr,pmra_pseudocolour_corr,pmdec_pseudocolour_corr,astrometric_matched_transits,visibility_periods_used,astrometric_sigma5d_max,matched_transits,new_matched_transits,matched_transits_removed,ipd_gof_harmonic_amplitude,ipd_gof_harmonic_phase,ipd_frac_multi_peak,ipd_frac_odd_win,ruwe,scan_direction_strength_k1,scan_direction_strength_k2,scan_direction_strength_k3,scan_direction_strength_k4,scan_direction_mean_k1,scan_direction_mean_k2,scan_direction_mean_k3,scan_direction_mean_k4,duplicated_source,phot_g_n_obs,phot_g_mean_flux,phot_g_mean_flux_error,phot_g_mean_flux_over_error,phot_g_mean_mag,phot_bp_n_obs,phot_bp_mean_flux,phot_bp_mean_flux_error,phot_bp_mean_flux_over_error,phot_bp_mean_mag,phot_rp_n_obs,phot_rp_mean_flux,phot_rp_mean_flux_error,phot_rp_mean_flux_over_error,phot_rp_mean_mag,phot_bp_rp_excess_factor,phot_bp_n_contaminated_transits,phot_bp_n_blended_transits,phot_rp_n_contaminated_transits,phot_rp_n_blended_transits,phot_proc_mode,bp_rp,bp_g,g_rp,radial_velocity,radial_velocity_error,rv_method_used,rv_nb_transits,rv_nb_deblended_transits,rv_visibility_periods_used,rv_expected_sig_to_noise,rv_renormalised_gof,rv_chisq_pvalue,rv_time_duration,rv_amplitude_robust,rv_template_teff,rv_template_logg,rv_template_fe_h,rv_atm_param_origin,vbroad,vbroad_error,vbroad_nb_transits,grvs_mag,grvs_mag_error,grvs_mag_nb_transits,rvs_spec_sig_to_noise,phot_variable_flag,l,b,ecl_lon,ecl_lat,in_qso_candidates,in_galaxy_candidates,non_single_star,has_xp_continuous,has_xp_sampled,has_rvs,has_epoch_photometry,has_epoch_rv,has_mcmc_gspphot,has_mcmc_msc,in_andromeda_survey,classprob_dsc_combmod_quasar,classprob_dsc_combmod_galaxy,classprob_dsc_combmod_star,teff_gspphot,teff_gspphot_lower,teff_gspphot_upper,logg_gspphot,logg_gspphot_lower,logg_gspphot_upper,mh_gspphot,mh_gspphot_lower,mh_gspphot_upper,distance_gspphot,distance_gspphot_lower,distance_gspphot_upper,azero_gspphot,azero_gspphot_lower,azero_gspphot_upper,ag_gspphot,ag_gspphot_lower,ag_gspphot_upper,ebpminrp_gspphot,ebpminrp_gspphot_lower,ebpminrp_gspphot_upper,libname_gspphot,target_id,target_ra,target_dec,target_parallax,target_pm_ra,target_pm_dec,target_radial_velocity,epoch,target_separation (deg),col162,plx,e_plx
1636148068921376768,Gaia DR3 1944073004732961152,1944073004732961152,439897187,2016,359.6042078737109,0.12301605,51.38888688843412,0.13007978,5.7423323694108275,0.20106766,28.559204,84.67189,82.84682339042875,0.18890342,17.485227134178448,0.20326309,-0.48209757,-0.0444313,-0.3056419,0.13633075,0.117450185,0.09328536,0.06563061,-0.014650056,0.08939816,-0.55605894,554,554,546,8,54.751514,249499.17,1.7414988,6382.6646,95,false,,1.2198571,0.026809098,0.09710937,0.001651481,0.075372845,-0.006340167,0.102685854,63,25,0.34022313,66,66,0,0.4176021,5.375194,24,0,3.0655596,,,,,,,,,false,524,3.779586233459838E7,1087953.6,34.740326,6.7437563,58,312556.35380552756,62214.086,5.023884,11.601221,61,8.829407499742824E7,6390424.0,13.816623,4.8830667,2.3443475,0,28,0,0,0,6.7181544,4.857465,1.8606896,,,,,,,,,,,,,,,,,,,,,,,VARIABLE,114.56121358793969,-10.61906935,26.18623544,45.94187043889447,false,false,0,true,true,false,true,false,false,true,false,1.0202967E-13,5.096331E-13,0.9999993,,,,,,,,,,,,,,,,,,,,,,,R Cas,359.6036178,51.38880917,5.7423,82.847,17.485,-22.94,2000,4.400047715211956E-9,,5.67,1.95
1636148068921376768,Gaia DR3 4234448531043979520,4234448531043979520,600631937,2016,299.40016620478633,0.09709774,-1.886695171,0.06529561,1.9532132203824946,0.113323,17.235806,51.882896,-20.42447889,0.1157384,-47.69355757,0.07575666,0.11026637,-0.23275466,0.08277843,-0.12590557,-0.13720223,-0.20829156,0.40081212,-0.14641863,-0.2862726,0.09536834,332,332,332,0,12.0020895,15939.521,0.84374094,493.89362,31,false,1.1036526,,,,,,,,37,18,0.16194318,42,7,7,0.24307518,115.10194,1,0,1.5031415,,,,,,,,,true,350,8024417.545409181,241366.42,33.245792,8.426333,36,75286.48566240816,9495.342,7.928781,13.1467495,38,1.497173282620713E7,1330621.8,11.251682,6.8097153,1.8751541,0,36,0,0,0,6.337034,4.720416,1.6166182,,,,,,,,,,,,,,,,,,,,,,,VARIABLE,38.91684353087453,-15.56023011,301.1424087549262,18.43049214810792,false,false,0,true,true,false,true,false,false,true,false,1.0202967E-13,5.096331E-13,0.9999993,,,,,,,,,,,,,,,,,,,,,,,RR Aql,299.400257,-1.8864832,1.9532,-20.424,-47.694,11.0,2000,2.85410777953965E-9,,1.58,0.4
1636148068921376768,Gaia DR3 4069737050648231424,4069737050648231424,96258986,2016,272.0168578777035,0.17990139,-22.22406054,0.14045669,0.049597724,0.18706691,0.2651336,1.7587146,1.3986129656816106,0.19935097,-1.066282624,0.14651018,0.056478858,-0.34298182,-0.4406852,0.014134979,-0.28355202,0.11412627,-0.6480316,0.047457244,0.26005575,-0.03271368,205,205,204,1,24.45349,30209.51,1.1903805,1176.2047,95,false,,1.026838,0.035827793,-0.04626776,-0.07046242,0.22202864,-0.008892425,0.01955074,23,13,0.2925489,23,13,14,0.24474508,79.71813,0,0,2.451471,,,,,,,,,false,199,6.649722421440325E7,1618126.6,41.095192,6.130358,23,1663499.5160367847,282328.97,5.892061,9.785986,21,1.352650179768661E8,8302397.5,16.292284,4.419932,2.0591614,0,0,0,0,0,5.366054,3.6556277,1.7104263,,,,,,,,,,,,,,,,,,,,,,,VARIABLE,8.344112999661286,-1.001939535,271.8673994373458,1.2021473912335021,false,false,0,true,true,false,true,false,false,true,false,1.020765E-13,6.1615484E-11,0.99999464,,,,,,,,,,,,,,,,,,,,,,,VX Sgr,272.0168512,-22.22405581,0.0496,1.399,-1.066,3.0,2000,2.130426791462774E-9,,0.64,0.04
1636148068921376768,Gaia DR3 5616197646838713728,5616197646838713728,1402434454,2016,110.7430125,0.23578705,-25.76754408,0.2967916,0.4191798096069297,0.4079143,1.0276173,3.4612825,-2.64526338,0.3087735,2.232276480042646,0.40490437,0.08411969,0.29110128,-0.5243666,-0.02994583,0.121486396,-0.0442657,-0.13476615,-0.2582662,-0.04809785,0.07208439,424,424,424,0,212.7655,307775.56,3.348243,10270.048,31,false,1.2529663,,,,,,,,48,23,0.56482714,49,27,11,0.026080608,177.47697,2,0,14.328784,,,,,,,,,true,422,2.1579785634744618E7,98333.3,219.45554,7.352249,42,5244615.484586124,134815.75,38.9021,8.539258,42,4.369114571524151E7,564356.4,77.417656,5.646912,2.2676666,0,42,0,42,0,2.892346,1.1870089,1.705337,56.12916,0.6820545,1,27,0,18,1058.479,,0.0,776.8558,10.701565,3900,1.5,1.0,111,39.08368,4.462995,27,5.085795,0.013984283,27,,VARIABLE,239.35257545352826,-5.065422186,118.0041408777209,-47.21031677,false,false,0,true,true,false,true,false,false,true,false,1.0232869E-13,5.111267E-13,0.99996966,,,,,,,,,,,,,,,,,,,,,,,VY CMa,110.74302556341206,-25.767554,0.4192,-2.645,2.232,56.13,2000,1.7028023462162247E-9,,0.83,0.08
1636148068921376768,Gaia DR3 2065235853217670656,2065235853217670656,594398217,2016,311.6064065581502,0.2578602,40.116492990465005,0.28974825,0.5279231309205449,0.34797838,1.5171148,5.727645,-1.224498719,0.34393245,-5.595223075,0.36324045,-0.09447297,-0.01894414,0.02108239,-0.06611452,0.043002944,-0.07467506,-0.11338964,-0.158779,-0.093215294,-0.10468819,475,475,475,0,100.845184,722765.7,4.1387773,22932.684,31,false,1.1112854,,,,,,,,53,27,0.5175788,58,22,0,0.007216438,83.45771,0,0,5.703771,,,,,,,,,false,487,654460.9293582927,2695.478,242.79958,11.147657,55,3996.1765938047542,79.97631,49.967003,16.33443,45,1233150.2592525333,12467.652,98.907974,9.520355,1.8903289,0,0,0,0,0,6.8140755,5.1867733,1.6273022,-10.338594,0.64690375,1,20,8,15,136.4345,0.42887232,0.0,819.6438,9.584171,3100,4.5,-0.25,101,,,,8.88516,0.02782055,12,143.78084,VARIABLE,80.79835042472294,-1.920998343,332.1476805,54.947610822138806,false,false,0,true,true,true,true,false,true,true,false,1.0202233E-13,5.0959643E-13,1.0,3440.4414,3428.055,3460.5146,0.0019,-0.1108,0.1432,0.5681,0.4512,0.6838,1673.3096,1389.8438,1987.0027,9.9498,9.7592,9.9927,5.2742,5.1562,5.2991,3.7836,3.7281,3.798,MARCS,NML Cyg,311.6064137,40.11651786,0.5279,-1.224,-5.595,0.0,2000,2.430264756734779E-9,,0.62,0.047
1636148068921376768,Gaia DR3 459101393719884800,459101393719884800,1318753184,2016,35.71545970892247,0.04946629,58.58650423544022,0.05789772,-0.503213577,0.08144344,-6.1786876,0.672371,-0.480408192,0.07160342,-0.470415442,0.07581899,0.058280606,-0.01403093,0.008415342,-0.26848456,-0.0183802,-0.2566847,-0.20126307,0.1192655,0.028733417,-0.10746917,409,409,408,1,22.901917,13714.959,0.70025593,366.0951,31,false,1.1741943,,,,,,,,46,21,0.108761914,49,22,3,0.052228995,14.978975,0,0,1.9059526,,,,,,,,,true,428,1.502791827969081E7,121978.234,123.20164,7.7451196,39,788785.8059810404,29209.246,27.004662,10.596145,46,2.4401854165306658E7,577169.0,42.278526,6.2793384,1.6762561,0,39,0,0,0,4.3168063,2.851025,1.4657812,-35.827652,0.88545966,1,21,0,14,681.4272,6.345183,0.0,683.42944,10.870831,3500,5.0,0.0,440,11.324714,3.694068,21,5.71234,0.05712243,21,,VARIABLE,134.62068403987016,-2.195003422,55.62521771929813,41.450785302083524,false,false,0,true,true,false,true,false,false,true,false,1.02024136E-13,5.0960543E-13,0.9999998,,,,,,,,,,,,,,,,,,,,,,,S Per,35.715463805439995,58.58650633,0.2217,-0.48,-0.47,-39.5,2000,2.5920381281965777E-9,,0.413,0.017
1636148068921376768,Gaia DR3 1858735921574817920,1858735921574817920,615314290,2016,313.7729375704615,0.04909197,30.414399254576445,0.067312256,0.7009965793067053,0.09403324,7.454774,12.391328,-5.435890721,0.06946919,-11.13535326,0.09798005,-0.39996013,0.049947508,-0.052556206,0.20778398,0.13938844,0.22264114,-0.17035063,0.04331855,-0.06553831,-0.5171997,837,837,836,1,67.01219,67342.39,0.99999267,1533.6921,31,false,1.1962174,,,,,,,,95,25,0.1492444,100,67,4,0.6172596,61.873295,2,0,3.0335698,,,,,,,,,true,671,1882578.0553320097,56046.758,33.58942,10.000484,68,23851.88631363135,3590.3135,6.6433992,14.394735,76,3236186.4891107045,257972.31,12.544704,8.472812,1.7316883,0,68,0,6,0,5.9219236,4.394251,1.5276728,,,,,,,,,,,,,,,,,,,,,,,VARIABLE,74.34440683870812,-9.407935041,328.1965668845295,45.41245573533515,false,false,0,true,true,false,true,false,false,true,false,1.02024136E-13,5.0960543E-13,0.9999998,,,,,,,,,,,,,,,,,,,,,,,UX Cyg,313.7729655851899,30.41444875,0.701,-5.436,-11.135,-6.0,2000,1.6302208436359435E-9,,0.54,0.06
1636148068921376768,Gaia DR3 2012859963999694848,2012859963999694848,148438184,2016,356.01363494652674,0.032754876,61.789488374741616,0.032312192,0.3553647520592062,0.04104967,8.656945,4.4769125,-4.003733282,0.045152053,-2.00321408,0.040431466,-0.1894634,-0.051266048,-0.016274303,-0.10283564,0.18301088,-0.122482374,0.13740984,-0.06152372,0.12757787,-0.2471565,356,356,356,0,2.4622734,5584.479,0.39675075,153.43843,31,false,1.1826178,,,,,,,,40,25,0.06709756,46,13,18,0.059082083,132.18797,3,0,1.0933789,,,,,,,,,false,398,3.716919781449375E7,468612.7,79.31752,6.761909,43,2513726.596487862,114923.805,21.872984,9.337748,43,5.242769547006107E7,2167964.0,24.182919,5.4489937,1.4781439,0,0,0,0,0,3.888754,2.5758386,1.3129153,-51.236683,0.415405,1,19,0,16,1059.5298,,0.0,989.8802,4.475075,4000,3.0,0.0,333,21.592636,1.205001,18,4.7107778,0.090822846,19,,VARIABLE,115.05815287705077,-0.047809463,34.19162635,55.24252078533746,false,false,0,true,true,false,true,false,false,true,false,1.02024136E-13,5.0960543E-13,0.9999998,,,,,,,,,,,,,,,,,,,,,,,PZ Cas,356.01367258963995,61.78949727791001,0.3554,-4.004,-2.003,-51.35,2000,1.5177143279853133E-9,,0.356,0.026
1636148068921376768,Gaia DR3 2014593550230928896,2014593550230928896,1520418030,2016,342.4956666904844,0.024235232,60.29906188049638,0.024869505,0.3631641503645945,0.029008731,12.519133,3.5948205,-3.030607765,0.032794096,-1.933429926,0.03144069,-0.090185575,0.005279447,-0.1891896,-0.14591664,0.15405156,-0.19192219,-0.061721817,-0.21432477,0.1254691,-0.19499679,394,394,392,2,1.6060903,2375.572,0.28360802,57.155533,31,false,1.2060245,,,,,,,,45,28,0.049015515,50,17,3,0.023571843,80.76553,0,0,1.057404,,,,,,,,,false,404,9442413.614565797,56652.797,166.67162,8.24966,48,899817.8644409116,23910.86,37.632183,10.4531555,47,1.3861545872350516E7,237574.66,58.34606,6.8933663,1.5633041,0,0,0,0,0,3.5597892,2.203496,1.3562932,-51.97584,0.54210037,1,26,4,22,590.5342,23.788235,0.0,912.1548,9.196045,4500,1.0,-0.5,111,21.005867,3.867013,21,6.279781,0.040295135,21,,VARIABLE,108.42561541779371,0.8937935802011527,23.838379874570172,58.895447090392935,false,false,0,true,true,false,true,false,false,true,false,1.0202233E-13,5.0959643E-13,1.0,,,,,,,,,,,,,,,,,,,,,,,IRC +60370,342.4956939,60.29907047351001,0.3632,-3.031,-1.933,-52.36,2000,2.578563825097408E-9,,0.4,0.025
1636148068921376768,Gaia DR3 163184366130809984,163184366130809984,451095914,2016,63.55389179678554,0.11645195,28.203309550696616,0.06868417,8.326130351269814,0.13126956,63.42773,28.551239,6.540278954972209,0.162786,-27.79204991,0.110348694,0.3310416,-0.021206932,-0.12619974,-0.038847603,-0.018256603,-0.10040741,0.28038433,0.23406248,-0.013452745,0.13354714,398,398,398,0,119.47632,42598.656,1.0556599,1481.3479,31,false,1.3756038,,,,,,,,45,18,0.22850668,49,11,1,0.010543168,167.89934,0,0,7.526265,,,,,,,,,false,400,1892578.1923905576,3212.0435,589.21313,9.994732,44,621599.8552816376,3316.2603,187.44,10.854765,44,1868350.406485272,9087.976,205.58488,9.06925,1.3156393,0,0,0,0,0,1.7855148,0.86003304,0.9254818,-4.3965874,3.986715,1,19,9,10,149.63074,28.537136,0.0,919.9048,57.218872,4500,3.5,-0.25,222,,,,8.660752,0.013375898,6,,VARIABLE,168.2168900142139,-16.34002502,66.71373338321126,6.876871834,false,false,0,false,false,false,true,false,false,true,false,1.02453114E-13,5.1174814E-13,0.9999574,,,,,,,,,,,,,,,,,,,,,,,HD 283447,63.55385881,28.203433070879996,8.3261,6.54,-27.792,16.0,2000,1.3999865517025434E-9,,7.692,0.085
1636148068921376768,Gaia DR3 4273733016346339072,4273733016346339072,1092011776,2016,277.3878048079187,0.058511224,1.2878723621353922,0.059105303,2.4226494184222243,0.07031589,34.453796,9.114737,2.550784541,0.072177574,-8.750538253,0.06879971,0.29094407,-0.11493391,-0.07642356,-0.066302106,-0.40295416,-8.27E-4,-0.14111367,-0.12712465,0.10421061,0.37100238,228,0,228,0,26.735502,1455.9015,0.52205217,56.797344,31,true,1.2447441,,,,,,,,26,17,0.11451095,26,9,0,0.015745178,46.002583,0,0,2.5019605,0.28530267,0.28240407,0.31995502,0.7983972,-95.48604,-37.48018,-35.79553,40.544907,false,226,19621.499568935553,26.542782,739.24054,14.955537,25,3120.0008687409904,26.32785,118.50572,16.603155,24,25905.15001210758,92.53466,279.95078,13.71443,1.4792525,0,0,0,1,0,2.8887253,1.6476183,1.241107,34.335552,10.066716,2,16,0,12,6.106118,,,909.11597,,5500,4.5,0.0,0,,,,13.193543,0.07108113,16,,VARIABLE,31.581194191995234,5.456542701942923,278.12271598702665,24.519081992235552,false,false,0,false,false,false,true,false,true,false,false,1.0205149E-13,7.205327E-13,0.99999714,9504.898,9467.995,9546.724,4.0837,4.0727,4.0965,-0.5053,-0.5501,-0.4709,530.757,518.7996,540.1216,6.8951,6.8882,6.9018,5.211,5.2046,5.2173,2.9327,2.9291,2.9363,A,[SVS76] Ser 14,277.3877934682299,1.2879112534199997,2.4226,2.551,-8.751,0.0,2000,2.2597575764974725E-9,,2.313,0.078
1636148068921376768,Gaia DR3 4273719959647253888,4273719959647253888,712143958,2016,277.5027217281208,0.6542385,1.2277912474143793,0.676106,2.582379758078823,0.7315895,3.5298207,8.344373,2.8071658729713245,0.8021035,-7.858013477,0.74585116,0.49993512,0.042309526,-0.24938077,-0.29643667,-0.21717024,-0.2036708,-0.33667284,-0.42093435,-0.15041102,0.56860983,193,0,193,0,3.3506184,297.07404,3.1616807,5.2012525,95,false,,0.9064234,0.16950543,-0.056320824,0.055739496,0.022692278,-0.1963385,-0.29118657,22,14,1.3932906,22,22,0,0.13334192,88.82027,0,0,1.1762848,0.2824709,0.49607527,0.32040083,0.7788561,-80.516304,-43.415592,-41.18281,41.666164,false,177,177.55029426465015,2.1619465,82.1252,20.064064,10,47.719641083715295,9.992645,4.7754765,21.1418,20,396.3654572808806,15.210648,26.05842,18.252657,2.5011792,0,0,0,1,0,2.889143,1.0777359,1.8114071,,,,,,,,,,,,,,,,,,,,,,,NOT_AVAILABLE,31.580114947005132,5.326896569463862,278.24501729203536,24.45259029873515,false,false,0,false,false,false,false,false,false,false,false,3.152322E-11,5.683176E-13,0.9999969,,,,,,,,,,,,,,,,,,,,,,,2MASS J18300065+0113402,277.5027092,1.2278261719199999,2.5824,2.807,-7.858,0.0,2000,7.426235497209269E-10,,2.638,0.118
1636148068921376768,Gaia DR3 4270236599432306560,4270236599432306560,1212062273,2016,277.8117748,0.096244656,-2.063921777,0.09649305,1.5418567970228172,0.11774936,13.094397,8.212938,-0.177361206,0.115424655,-8.211022839,0.10483552,0.06859331,0.030126521,-0.002315841,-0.102987915,-0.46737698,-0.050071582,-0.030647589,-0.091095425,-0.014249424,0.21949045,227,227,227,0,60.59153,36484.98,0.92814785,1143.3745,31,false,1.2161287,,,,,,,,26,16,0.16992004,26,9,0,0.003657021,113.06116,0,0,4.979526,,,,,,,,,false,225,268472.3688624576,261.23853,1027.6906,12.115118,26,31321.122853977136,69.108154,453.2189,14.0989485,26,379794.8221948912,954.9377,397.71686,10.799023,1.5313157,0,0,0,0,0,3.2999258,1.9838305,1.3160954,,,,,,,,,,,,,,,,,,,,,,,NOT_AVAILABLE,28.786707146661314,3.5450279833983647,278.3743665529498,21.14855571832808,false,false,0,true,true,false,false,false,true,true,false,1.0202233E-13,5.0959643E-13,1.0,7421.6763,7335.869,7442.603,2.5979,2.5792,2.6025,-3.6842,-4.073,-3.0462,619.5626,617.1605,629.938,7.3213,7.281,7.33,5.2809,5.2429,5.2892,3.0267,3.0033,3.0319,MARCS,NAME W 40 IRS 5,277.8117756,-2.063885284,1.5419,-0.177,-8.211,0.0,2000,1.6097944542538028E-9,,2.302,0.063
1636148068921376768,Gaia DR3 4270235706079004672,4270235706079004672,1048390196,2016,277.84842253493866,0.50116366,-2.093294791,0.4851196,3.1255808971942365,0.5809249,5.3803525,6.812061,-0.634504195,0.58045065,-6.782446456,0.5590321,0.18606606,0.03511527,-0.22210136,-0.2845865,-0.42587343,-0.16960604,-0.2294657,-0.08558021,-0.11304846,0.24684943,192,0,192,0,42.968525,2951.7583,4.0133767,122.90475,95,false,,1.5418258,0.120291986,-0.2650089,-0.053280987,-0.1595871,0.060604405,0.2943585,22,16,0.91242117,22,9,0,0.18883905,36.781033,0,0,3.9149954,0.3444972,0.19393046,0.4042168,0.8292881,-93.89479,-27.155039,-37.071636,40.533623,false,192,1255.320928644799,16.38124,76.63161,17.94048,12,59.57634544225353,9.949563,5.9878354,20.900858,20,2888.2715624862662,31.328238,92.19387,16.0963,2.3482823,0,0,0,0,0,4.804558,2.9603786,1.8441792,,,,,,,,,,,,,,,,,,,,,,,NOT_AVAILABLE,28.77742354891193,3.499004050511803,278.41173488045064,21.11710452667324,false,false,0,false,false,false,false,false,true,true,false,1.0202233E-13,5.0959643E-13,1.0,3733.0552,3727.7734,3738.6829,1.4135,1.4003,1.4261,0.6816,0.6798,0.6845,3312.9202,3268.2327,3383.5137,9.9954,9.9807,9.999,5.6637,5.6551,5.6711,3.628,3.6214,3.6319,MARCS,GBS-VLA J183123.62-020535.8,277.8484254,-2.093264647,3.1256,-0.635,-6.782,0.0,2000,2.9644115016078366E-9,,2.186,0.076
1636148068921376768,Gaia DR3 4270235744734298624,4270235744734298624,661832215,2016,277.8584289259994,0.33362427,-2.088077494,0.30539772,2.032305331464358,0.36933124,5.5026627,7.8945546,-1.815227611,0.40123448,-7.683029458,0.3419926,0.07913417,-0.07392317,-0.13757041,-0.10505599,-0.30577877,-0.09359182,-0.22465567,-0.08817453,-0.08258237,0.17424332,209,0,208,1,42.092976,7461.543,3.0116057,347.6185,31,false,1.134838,,,,,,,,24,16,0.57921803,24,10,0,0.22021094,168.61223,0,0,3.698557,0.26895532,0.15895154,0.30984628,0.80303216,-123.82258,-2.3259113,-36.265842,38.835785,false,209,4741.2508276594535,33.163685,142.96513,16.497635,21,157.36511544116385,8.311729,18.932898,19.846272,22,8862.731798985984,152.7336,58.02739,14.878977,1.902472,0,1,0,0,0,4.9672947,3.3486366,1.6186581,,,,,,,,,,,,,,,,,,,,,,,NOT_AVAILABLE,28.786668552368123,3.4925184910840796,278.4227623077531,21.121730319399216,false,false,0,true,false,false,false,false,true,true,false,1.0202233E-13,5.0959643E-13,1.0,3896.2578,3884.4473,3905.089,1.1166,1.0605,1.1538,-0.4221,-0.4246,-0.4201,2028.1588,1956.2819,2149.935,9.9883,9.9706,9.9971,5.9372,5.9232,5.9455,3.5217,3.5151,3.5251,PHOENIX,2MASS J18312601-0205169,277.858437,-2.088043347,2.0323,-1.815,-7.683,0.0,2000,1.0217264160172204E-9,,2.372,0.12
1636148068921376768,Gaia DR3 4270235847813513472,4270235847813513472,1759771000,2016,277.8644173827704,0.15158696,-2.086683497,0.14648643,1.5776136106524676,0.17130765,9.209242,7.8631697,-0.091731027,0.18376651,-7.862634799,0.15878823,0.15709549,0.017949661,-0.17071755,-0.10644261,-0.30595583,-0.072096005,-0.21464437,-0.08937017,-0.07913509,0.13511088,208,0,208,0,8.286299,815.3471,1.1775798,23.105663,31,false,1.1325042,,,,,,,,24,16,0.2634932,24,10,0,0.079697825,97.37008,0,0,1.4364045,0.2538694,0.17737196,0.3027825,0.82804936,-93.55967,-26.74178,-37.856766,40.731728,false,207,2353.9027766702825,6.567564,358.41336,17.257896,18,72.96918754641541,6.3330293,11.522004,20.680693,19,4572.146585688729,33.648197,135.88087,15.597595,1.9733677,0,0,0,0,0,5.0830975,3.4227962,1.6603012,,,,,,,,,,,,,,,,,,,,,,,NOT_AVAILABLE,28.790663197525603,3.4878431074232847,278.42925406633407,21.12277289305727,false,false,0,false,false,false,false,false,true,true,false,1.0202233E-13,5.0959643E-13,1.0,3686.736,3680.6125,3692.8413,0.4879,0.46,0.5037,-0.5787,-0.5798,-0.5774,4914.5254,4852.3535,5068.9795,9.9963,9.9858,9.9993,5.8302,5.8212,5.8365,3.5219,3.5185,3.5237,PHOENIX,2MASS J18312745-0205118,277.86441779072993,-2.086648552,1.5776,-0.092,-7.863,0.0,2000,2.0196185143145417E-9,,2.385,0.098
1636148068921376768,Gaia DR3 6049136569386567296,6049136569386567296,953579308,2016,246.4837074578255,0.0726591,-24.50426154,0.03955911,7.410937464131802,0.08702926,85.15455,25.631487,-6.340075387,0.11198728,-24.83498596,0.09122757,-0.50867176,0.009564021,-0.24870005,0.11686662,-0.16741207,0.009907247,0.3498669,0.18733172,-0.4963307,-0.585165,495,0,494,1,-0.34024402,1169.9044,0.42072186,17.537119,31,false,1.1524682,,,,,,,,57,15,0.18117546,60,11,0,0.012743103,85.54928,0,0,0.98846084,0.48720673,0.7490704,0.474327,0.448446,12.058878,19.061207,15.31953,24.500338,false,509,6708.338328323184,7.079689,947.54706,16.120829,56,262.96485034689096,8.030132,32.74726,19.288797,55,11390.743602457273,46.257515,246.24634,14.606515,1.7371975,0,29,0,31,0,4.6822824,3.1679688,1.5143137,-35.982437,5.8221006,2,19,1,7,4.860656,,,716.4269,,3500,1.0,-0.25,111,,,,13.8609495,0.11373842,20,,VARIABLE,352.9106930255041,16.927827138451175,248.68461848515048,-2.788392406,false,false,0,false,false,false,true,false,false,true,false,1.02024136E-13,5.0960543E-13,0.9999998,3619.824,3615.8318,3623.4006,3.9708,3.9672,4.0062,0.4333,0.4121,0.4472,121.5333,117.1704,122.7847,6.1937,6.1646,6.2664,3.5686,3.5509,3.6144,2.4653,2.4573,2.4851,MARCS,2MASS J16255609-2430148,246.48373842512999,-24.50415116,7.4109,-6.34,-24.835,0.0,2000,3.1981841095799466E-10,,7.33,0.112
1636148068921376768,Gaia DR3 6049135813472323072,6049135813472323072,1147050571,2016,246.48962714671967,0.02920544,-24.50894226,0.015765818,7.295934490622173,0.0347372,210.0323,25.855835,-6.679739094,0.044911586,-24.97809648,0.036664844,-0.52107114,0.019427843,-0.2713466,0.120711036,-0.18321441,0.017992307,0.33416963,0.17363623,-0.49605563,-0.5941079,492,0,492,0,0.14653987,864.9118,0.14200164,9.38234,31,false,1.2070347,,,,,,,,57,15,0.07290357,60,11,0,0.033152163,20.969831,0,0,1.0040137,0.44907257,0.75090444,0.43768343,0.45333597,11.140461,19.26438,14.750497,24.587364,false,508,33835.750447292936,52.016438,650.4819,14.363927,56,3784.0654867064254,35.664753,106.10099,16.393646,57,48874.21140415989,224.12697,218.06483,13.025196,1.5562911,0,1,1,1,0,3.3684502,2.0297194,1.3387308,-3.6843781,3.1854937,2,28,3,11,17.80671,,,716.3529,,5500,4.5,0.0,0,,,,12.311353,0.03814463,25,,VARIABLE,352.9107585,16.92069141100486,248.69068736398944,-2.792157843,false,false,0,true,true,false,true,false,false,true,false,1.02024136E-13,5.0960543E-13,0.9999998,,,,,,,,,,,,,,,,,,,,,,,2MASS J16255752-2430317,246.48965977428003,-24.50883125,7.2959,-6.68,-24.978,-5.3311,2000,1.2582032882145826E-9,,7.404,0.143
1636148068921376768,Gaia DR3 6049161961233192576,6049161961233192576,1632480223,2016,246.6423853434658,0.12993382,-24.39130844,0.080717094,6.823873220764253,0.14088193,48.436825,26.867289,-3.150236112,0.18002966,-26.68196435,0.15002413,-0.58233064,0.118278086,0.06162868,-0.26832056,-0.09022917,-0.21518679,0.57091385,-0.14647458,-0.20650399,-0.47718233,465,0,464,1,43.740063,20478.422,1.0326222,599.8825,31,false,1.1575606,,,,,,,,54,16,0.2838697,57,9,0,0.026471484,92.490005,0,0,2.7480764,0.42778653,0.71848476,0.42732498,0.44068703,12.683794,19.312317,16.8871,26.652128,false,477,42687.041965912256,30.46514,1401.1766,14.111627,49,2488.9560506639054,10.144903,245.34055,16.8485,51,70222.97116690615,118.30596,593.57086,12.631698,1.7033724,0,0,0,0,0,4.2168016,2.7368727,1.479929,-48.42853,21.857906,1,34,7,12,28.172165,32.81966,0.0,716.4268,474.98547,10000,5.0,0.25,555,,,,11.94814,0.017515851,27,,VARIABLE,353.09911504044095,16.894277146039336,248.80949581001408,-2.653985613,false,false,0,false,false,false,true,false,false,true,false,1.0202233E-13,5.0959643E-13,1.0,,,,,,,,,,,,,,,,,,,,,,,2MASS J16263416-2423282,246.6424007,-24.39118985,6.8239,-3.15,-26.682,-2.2,2000,1.0468253354654593E-9,,7.249,0.091
1636148068921376768,Gaia DR3 145213192171159552,145213192171159552,1460920773,2016,68.97570454,0.054514278,22.903678923387613,0.031513672,5.9786209725822586,0.059396543,100.656044,17.637264,13.458808356253456,0.07437552,-11.39883999,0.05381125,0.11874985,-0.22071594,-0.25153393,0.31353536,-0.11039768,0.18370657,0.050140064,0.30909488,-0.17181067,0.047604598,280,280,280,0,51.290516,7454.0386,0.4063076,189.95284,31,true,1.3632332,,,,,,,,32,16,0.10515254,34,11,0,0.009155048,64.97753,0,0,3.8518095,,,,,,,,,false,287,1173139.7339238937,1416.1158,828.4207,10.513992,31,364576.90153861325,1485.0283,245.50165,11.43407,31,1184558.759959607,4295.4062,275.7734,9.564004,1.320504,0,11,0,11,0,1.8700657,0.9200773,0.94998837,22.963467,3.593747,1,16,5,12,117.23138,20.879744,0.0,917.8235,45.18041,6000,3.5,0.0,333,153.2077,12.951648,10,9.137031,0.013816254,10,129.48929,VARIABLE,175.72775600290512,-16.2361965,70.69989153231799,0.8620485593088557,false,false,1,false,false,true,true,false,true,true,false,1.0215875E-13,5.1027786E-13,0.9999865,5541.4478,5513.331,5610.9614,3.562,3.5466,3.595,-0.5764,-0.5995,-0.5287,169.516,165.7046,172.3439,2.4885,2.4681,2.5323,1.9053,1.8885,1.9422,1.0479,1.0386,1.0683,MARCS,CoKu HP Tau G2,68.9756396,22.90372959,5.9786,13.459,-11.399,16.6,2000,7.786076236229064E-10,,6.145,0.029
1636148068921376768,Gaia DR3 6049142032584969088,6049142032584969088,717747328,2016,246.51251867033312,0.026002498,-24.39350625,0.014076185,7.343898252,0.030771382,238.66002,33.59874,-19.79777142,0.044700183,-27.14633462,0.03250102,-0.4402254,0.1451051,-0.1246943,0.07944741,-0.14840317,0.023993747,0.3702697,0.15103707,-0.39235276,-0.5229013,531,531,531,0,-2.1128814,2958.4712,0.19429447,61.131516,31,false,1.2156217,,,,,,,,60,15,0.068324946,64,10,0,0.010717214,167.7492,0,0,0.9349498,,,,,,,,,false,554,244083.6086097414,241.78429,1009.5098,12.21852,60,31000.870895140226,101.43308,305.62878,14.110107,62,350677.02682668064,881.4944,397.82104,10.885627,1.5637178,0,0,0,0,0,3.2244806,1.8915873,1.3328934,-8.246731,2.4547076,1,30,2,12,82.149956,18.743937,0.0,701.43585,41.827248,5500,4.5,0.0,333,94.23253,19.992586,28,10.254142,0.011306554,28,,VARIABLE,353.0156083,16.981525056438198,248.6929342737711,-2.6748775,false,false,0,false,false,false,true,false,false,true,false,1.0202967E-13,5.096331E-13,0.9999993,,,,,,,,,,,,,,,,,,,,,,,Haro 1_6,246.5126153,-24.39338559,7.3439,-19.798,-27.146,-3.66,2000,1.8591896368029816E-9,,7.385,0.234
1636148068921376768,Gaia DR3 6049164877514306688,6049164877514306688,986751184,2016,246.68230851262174,0.39125323,-24.27602332,0.24679399,6.7519639604419845,0.4334682,15.576608,27.16141,-8.675959184,0.52211213,-25.73849026,0.3990886,-0.5321761,0.039827485,0.17717063,-0.31207532,0.020751756,-0.21136001,0.6104807,-0.3657735,0.026902823,-0.27435213,482,0,478,4,3.3785133,724.519,1.7094518,6.2188907,95,false,,1.042924,0.06748453,-0.02272303,0.1665974,-0.08600082,-0.11487693,-0.078819714,56,16,0.7747012,59,8,0,0.014343486,92.60336,0,0,1.111221,0.41749996,0.69810134,0.41335863,0.4411991,13.652553,17.129572,17.111832,26.394247,false,481,323.73520493672913,1.1875154,272.6156,19.411892,31,32.547108817349034,4.626269,7.0352826,21.55726,55,643.0234320735908,9.423049,68.239426,17.72733,2.0867996,0,1,0,4,0,3.8299313,2.1453686,1.6845627,,,,,,,,,,,,,,,,,,,,,,,NOT_AVAILABLE,353.21469406921204,16.943131201280835,248.82724990033617,-2.534405755,false,false,0,false,false,false,false,false,false,false,false,1.7633429E-12,5.6285516E-13,0.9999998,,,,,,,,,,,,,,,,,,,,,,,2MASS J16264375-2416333,246.68235081277996,-24.27590893,6.752,-8.676,-25.738,-10.51,2000,2.0709052648502577E-9,,7.16,0.152
1636148068921376768,Gaia DR3 6049163644861043328,6049163644861043328,970105041,2016,246.70513124041682,1.3799372,-24.33428595,0.71148634,,,,,,,,,-0.3044655,,,,,,,,,,405,0,394,11,67.62748,6962.4985,9.737582,177.97392,3,false,,,,,,,,,47,16,2.8040676,51,51,0,0.546451,175.88583,1,2,,0.4546433,0.70917344,0.4356644,0.4214578,14.792321,12.676031,16.927336,23.505386,false,396,401.15983083477056,3.8219748,104.9614,19.179073,24,41.072812826180424,9.907848,4.1454825,21.304657,47,1075.3807934429803,12.889854,83.42847,17.16899,2.7830644,0,0,0,0,1,4.135668,2.1255836,2.0100842,,,,,,,,,,,,,,,,,,,,,,,VARIABLE,353.18331592100895,16.889039245756084,248.8569982423732,-2.588664141,false,false,0,false,false,false,true,false,false,false,false,0.0,0.0,1.0,,,,,,,,,,,,,,,,,,,,,,,2MASS J16264923-2420029,246.70513124041997,-24.33428595,0.0,0.0,0.0,-5.472,2000,4.1209630675996396E-12,,7.232,0.068
1636148068921376768,Gaia DR3 6049067849909782272,6049067849909782272,91994771,2016,246.87846676715336,0.21991232,-24.79089958,0.13153012,7.051983410056515,0.2607446,27.045557,28.627457,-5.726406192,0.3047557,-28.04887701,0.24205948,-0.44590595,0.23539859,-0.13806355,-0.2309112,-0.2884114,-0.070527494,0.4466887,-0.24123888,-0.33662,-0.26950693,367,0,365,2,12.273394,1114.8933,1.4124978,26.350578,95,false,,1.1751068,0.036422234,-0.050086424,0.08498228,0.01451291,-0.038295448,-0.08756787,42,15,0.4427757,46,9,0,0.083532,33.236282,0,0,1.4903426,0.29953948,0.63557404,0.25832978,0.32137707,-0.1740052,14.911273,10.2006035,29.592434,false,364,1461.625181326268,5.030893,290.52997,17.775276,34,67.04327836807711,7.976745,8.404841,20.772654,40,2711.6538943175938,11.157431,243.03569,16.16481,1.9011011,0,0,0,0,0,4.6078434,2.9973774,1.610466,,,,,,,,,,,,,,,,,,,,,,,NOT_AVAILABLE,352.93400936772724,16.469139480653958,249.0846282560608,-3.014877616,false,false,0,false,false,false,false,false,false,true,false,1.0202233E-13,5.0959643E-13,1.0,,,,,,,,,,,,,,,,,,,,,,,2MASS J16273084-2447268,246.87849480133997,-24.79077491,7.052,-5.726,-28.049,0.0,2000,1.8614723489850466E-9,,7.327,0.125
1636148068921376768,Gaia DR3 6047584810585556480,6047584810585556480,684267782,2016,247.64846185558542,0.0595789,-24.57198475,0.03593994,7.3402186772831355,0.06535138,112.31926,28.171232,-5.986408115,0.07770113,-27.52782593,0.058025528,-0.16852942,-0.14875431,-0.08950224,0.17631902,-0.0996247,0.1489237,-0.08721849,0.04818797,0.04431455,0.002180739,290,290,290,0,44.210907,7942.547,0.49448165,318.9026,31,false,1.3177052,,,,,,,,33,15,0.10776382,36,13,0,0.013404595,46.58457,0,0,3.3384984,,,,,,,,,false,305,368531.2761980517,632.9918,582.20544,11.771181,33,94826.75833,618.443,153.33145,12.8962145,33,411790.1797273415,1967.4221,209.30444,10.7112055,1.3746918,0,0,0,0,0,2.185009,1.1250334,1.0599756,-7.8066525,6.9661407,1,16,2,12,61.52251,25.310997,0.0,918.5758,71.485596,4000,3.0,0.0,333,,,,10.214215,0.011355793,15,,VARIABLE,353.5847961628584,16.085493859984986,249.74305926300514,-2.690876519,false,false,0,true,true,false,true,false,true,true,false,1.03019766E-13,5.1457856E-13,0.99990124,5535.1177,5522.4976,5569.7236,4.1086,4.1015,4.1115,-0.7389,-0.7483,-0.721,125.039,124.0582,127.7833,3.3305,3.323,3.35,2.4835,2.477,2.5004,1.3762,1.3723,1.3858,MARCS,2MASS J16303563-2434188,247.64849111119997,-24.57186241,7.3402,-5.986,-27.528,-7.29,2000,2.0026198773880673E-9,,7.206,0.08
1636148068921376768,Gaia DR3 6047512792574297984,6047512792574297984,1600842918,2016,247.9671347100079,0.21299595,-24.93779658,0.12386865,6.5367383635806675,0.22593564,28.93186,23.505589,-6.85132123,0.29953477,-22.48493039,0.2085827,-0.15535642,-0.28192163,-0.16133171,0.24931483,-0.009787396,0.19763531,-0.11879915,0.09522565,-0.09123056,0.068836674,264,0,262,2,3.1578422,493.58838,1.0215372,7.385546,95,false,,1.0938108,0.039852213,0.10161194,0.022425337,0.12759319,-0.14071855,0.018133696,30,14,0.41758245,33,10,0,0.103925265,23.842033,0,0,1.1413946,0.12221708,0.46234918,0.17722598,0.32171604,-130.89224,9.773446,-9.999694,-39.333538,false,278,908.7501892085396,6.069325,149.72838,18.291256,17,61.19113126840618,12.071665,5.068989,20.87182,31,1780.8671278674024,45.60589,39.04906,16.621317,2.0270238,0,1,0,0,0,4.2505035,2.5805645,1.669939,,,,,,,,,,,,,,,,,,,,,,,NOT_AVAILABLE,353.4932055422922,15.627453071088413,250.08460741827506,-3.008991967,false,false,0,false,false,false,false,false,false,false,false,1.02026027E-13,5.0961855E-13,0.99999964,,,,,,,,,,,,,,,,,,,,,,,2MASS J16315211-2456156,247.9671683,-24.93769665,6.5367,-6.851,-22.485,0.0,2000,1.4368949191237868E-9,,6.676,0.046
1636148068921376768,Gaia DR3 6047570826172040960,6047570826172040960,338571698,2016,248.04912511846956,0.15259436,-24.67277558,0.096165545,6.797336433014998,0.16356961,41.55623,22.380371,-4.211552176,0.21428591,-21.98053398,0.16894425,-0.16312754,-0.03794355,-0.31395116,0.011156708,-0.14586437,0.004730968,-0.09211843,-0.027495738,-0.17320068,-0.29131788,266,266,266,0,102.53578,40807.527,1.2579803,1769.8777,31,false,1.270467,,,,,,,,30,15,0.31538135,33,11,0,0.05481926,20.774733,84,0,7.9731994,,,,,,,,,false,278,179141.64449334342,882.9164,202.89763,12.554376,30,39711.93118826605,648.41376,61.24474,13.84124,30,257541.6483229774,3151.1313,81.7299,11.220777,1.6593214,0,0,0,0,0,2.6204634,1.2868643,1.3335991,,,,,,,,,,,,,,,,,,,,,,,NOT_AVAILABLE,353.7523970073897,15.743666542957428,250.1187171282882,-2.735834911,false,false,0,false,false,false,false,false,false,true,false,1.0319298E-13,5.1544375E-13,0.9998841,,,,,,,,,,,,,,,,,,,,,,,DoAr 51,248.04914571696995,-24.67267789,6.7973,-4.212,-21.981,0.0,2000,2.878131535864856E-9,,6.983,0.05
1636148068921376768,Gaia DR3 163233981593016064,163233981593016064,972842679,2016,63.36346516346246,0.032694284,28.273409001914775,0.019968906,7.358662479904253,0.03681459,199.88441,25.308348,8.105296602076184,0.04578821,-23.97533364,0.03269555,0.37677985,0.05887603,-0.07761621,0.0584276,0.08021873,0.02255469,0.35730946,0.16641083,-0.043277238,0.23712017,345,345,342,3,17.118128,3195.024,0.25599697,101.720825,31,true,1.2588925,,,,,,,,39,18,0.065120436,42,8,0,0.013606875,158.05635,0,0,1.7260522,,,,,,,,,false,356,248064.24600683202,248.86482,996.7831,12.200956,37,43672.714545102834,184.72818,236.41609,13.738017,38,317335.4910060199,908.7166,349.21283,10.994099,1.4553013,0,0,0,0,0,2.7439184,1.5370607,1.2068577,17.477522,7.9008784,1,16,3,11,51.403553,28.219755,0.0,919.9049,103.30963,4000,3.0,0.0,333,,,,10.415875,0.007333199,13,,VARIABLE,168.04259365491512,-16.41139737,66.56011129815629,6.975876566036179,false,false,0,false,false,false,true,false,true,true,false,1.0266168E-13,5.1278995E-13,0.9999367,7564.851,7539.519,7584.953,4.0098,3.9924,4.0315,-1.2123,-1.4059,-1.1631,140.4461,135.214,145.0286,5.8928,5.8796,5.9012,4.3938,4.3823,4.4016,2.4727,2.4671,2.4769,A,V1096 Tau,63.363424259919995,28.273515559130004,7.3587,8.105,-23.975,19.4923,2000,2.4242772709277578E-9,,8.055,0.535
1636148068921376768,Gaia DR3 164518589131083136,164518589131083136,1711524083,2016,64.62966192674749,0.018599344,28.454376079305934,0.009378973,7.7302819632223025,0.021211926,364.43094,26.641012,8.846415731346589,0.025119968,-25.12935439,0.015922016,0.37419853,-0.011889217,-0.29266542,-0.10787224,0.08007148,-0.13996689,0.3033754,0.3522114,-0.02329515,0.167631,418,418,413,5,4.7978487,1076.2521,0.10468965,17.243927,31,true,1.4097745,,,,,,,,47,15,0.03603466,54,10,0,0.04180724,108.588135,0,0,1.1717143,,,,,,,,,false,433,1389191.8224643124,3909.3958,355.34695,10.3304615,48,523506.5663527389,5207.5493,100.5284,11.041237,47,1262729.3514063305,9241.647,136.63466,9.494619,1.2858094,0,0,0,0,0,1.5466175,0.7107754,0.83584213,7.685212,3.471644,1,24,6,13,137.50758,32.142063,0.0,715.4267,48.602146,4250,3.0,-1.5,111,,,,9.1646805,0.021064699,13,,VARIABLE,168.71025358025355,-15.48293543,67.69715256,6.958276930447291,false,false,0,false,false,false,true,false,false,true,false,1.03717565E-13,5.1806405E-13,0.99983215,5352.7993,5327.406,5394.062,3.7994,3.7892,3.8175,-0.4079,-0.426,-0.3728,128.7189,128.1167,129.3689,1.5538,1.5374,1.5772,1.2073,1.194,1.2266,0.6518,0.6444,0.6624,PHOENIX,V410 Tau,64.62961721,28.45448777,7.7303,8.846,-25.129,21.6331,2000,2.8867179119581314E-9,,7.751,0.027
1636148068921376768,Gaia DR3 164513538249595136,164513538249595136,950113063,2016,64.69599863317067,0.084433496,28.335301488536302,0.04704978,7.849687600705467,0.09657845,81.27784,26.92916,8.707351042739766,0.11188361,-25.48257544,0.082619935,0.3792621,0.16599916,-0.022464167,0.006039475,0.01121337,-0.023776388,0.4335407,0.22586219,-0.16257681,0.16344115,442,442,439,3,93.46187,43793.35,0.69839126,1001.4674,31,false,1.2957691,,,,,,,,51,17,0.15758671,56,8,1,0.014701355,175.60289,0,0,5.4960723,,,,,,,,,false,456,410405.2128216477,444.22144,923.8753,11.654335,52,93954.25346050714,312.68063,300.47992,12.906251,52,481465.87831238244,1058.0042,455.06995,10.541482,1.402078,0,2,0,0,0,2.364769,1.2519159,1.112853,13.832468,1.1777699,1,35,11,16,96.634705,8.050502,0.0,751.1544,23.95945,4000,3.0,0.0,333,35.826176,18.666153,8,10.025302,0.008487286,21,,VARIABLE,168.84160247728897,-15.5224849,67.73449690919277,6.830959784,false,false,0,false,false,false,true,false,false,true,false,1.0292453E-13,5.141028E-13,0.9999107,,,,,,,,,,,,,,,,,,,,,,,V1023 Tau,64.69595467,28.335414744600005,7.8497,8.707,-25.483,12.69,2000,2.311525012172601E-9,,7.686,0.032
1636148068921376768,Gaia DR3 152104381299305728,152104381299305728,1088300139,2016,66.20069556594676,0.017830603,26.72106374087008,0.010338268,6.226079296801529,0.020156741,308.88324,18.086617,10.682340883237721,0.02388823,-14.59497531,0.0171818,0.34568414,0.18890414,0.047199886,-0.053148966,-0.07312705,-0.057575583,0.26324803,0.17624341,-0.07571834,0.2162113,408,408,401,7,6.3775907,1073.6387,0.12019904,22.344887,31,true,1.3724071,,,,,,,,46,17,0.03385132,49,9,0,0.010533665,164.55197,0,0,1.23407,,,,,,,,,false,412,959749.3059673797,972.4069,986.9832,10.731973,39,310867.53357172007,1291.7649,240.65334,11.607103,40,949130.7848018692,2630.075,360.87595,9.804581,1.312841,0,0,0,0,0,1.8025227,0.87513065,0.927392,17.498857,2.9306016,1,13,1,11,86.38187,18.836096,0.0,685.94244,23.736824,5500,4.5,0.0,333,91.65853,14.205156,10,9.380455,0.012119525,10,,VARIABLE,171.01237808139564,-15.63970997,68.78765252,5.017464182170306,false,false,0,false,false,false,true,false,true,true,false,1.0226209E-13,5.1079404E-13,0.9999763,5232.9106,5202.9507,5281.1875,3.5992,3.5654,3.6383,-0.4601,-0.516,-0.375,159.5702,157.7764,161.6559,2.0779,2.0566,2.1121,1.5849,1.5679,1.6131,0.8648,0.8558,0.8791,MARCS,V1201 Tau,66.20064241,26.721128607419995,6.2261,10.682,-14.595,0.0,2000,1.5509604327740782E-9,,6.363,0.069
1636148068921376768,Gaia DR3 152104381299305600,152104381299305600,1571826173,2016,66.20440941935112,0.031378433,26.719479907644562,0.018288694,6.622795615621656,0.035817757,184.90259,19.974594,10.86516613408335,0.042310286,-16.76104395,0.029987043,0.35169336,0.15351346,0.03111491,-0.08252454,-0.12734841,-0.10616049,0.21281213,0.2304742,-0.020557594,0.22018076,388,388,377,11,25.71637,2971.5444,0.24726523,81.64499,31,true,1.3869995,,,,,,,,44,17,0.060076468,48,9,1,0.043453522,83.882645,68,0,2.0771031,,,,,,,,,false,390,883079.0826543671,1126.84,783.6775,10.822368,41,308328.2077080748,1413.0994,218.19287,11.616009,41,863719.0523207169,2893.198,298.53436,9.906964,1.327228,0,0,0,0,0,1.7090445,0.7936411,0.91540337,17.030315,3.576568,1,13,1,11,82.542244,15.251014,0.0,889.0946,32.324078,4500,2.0,-1.5,111,,,,9.516887,0.009168278,10,,VARIABLE,171.01590911016243,-15.63831331,68.79068286,5.015366559395521,false,false,0,false,false,false,true,false,true,true,false,1.0227747E-13,5.108708E-13,0.9999747,5338.472,5316.829,5366.304,3.7696,3.757,3.7807,-0.424,-0.4399,-0.4016,149.3786,148.255,150.6126,1.8386,1.8248,1.8556,1.4148,1.4036,1.4286,0.7656,0.7595,0.773,PHOENIX,HD 283641,66.20435536,26.7195544,6.6228,10.865,-16.761,16.23,2000,9.051483045490856E-10,,6.285,0.07
1636148068921376768,Gaia DR3 147778490237623808,147778490237623808,1218692182,2016,68.27767765862433,0.66449606,24.165199428224643,0.44572222,5.431485856203534,0.7653604,7.0966377,17.255512,5.799744057253278,0.84129924,-16.25163641,0.6586196,0.13758586,0.05227345,-0.04617869,0.0764487,-0.32051945,0.031114403,-0.09497819,0.067824624,0.14351031,0.016615137,277,277,277,0,386.46893,917651.8,5.820088,39201.48,31,false,1.3501315,,,,,,,,32,16,1.1642388,36,11,1,0.103564374,177.84828,7,0,41.806713,,,,,,,,,false,278,946169.7698841866,3955.0825,239.22884,10.747444,30,291916.1824552604,2774.9958,105.195175,11.675397,31,1015861.2289292065,8253.478,123.08281,9.730809,1.3821805,0,1,0,0,0,1.9445877,0.92795277,1.016635,15.415952,0.53490365,1,15,5,12,103.09643,1.4556667,0.012747252,887.59216,5.460408,4000,3.0,0.0,333,,,,9.30626,0.015628817,9,,VARIABLE,174.2941032,-15.9149278,70.24948159383379,2.2030362176928677,false,false,0,false,false,false,true,false,true,true,false,1.0615666E-13,5.3024723E-13,0.9995907,5895.313,5881.2773,5910.18,3.9959,3.9896,4.0022,-0.7419,-0.7551,-0.7244,119.3745,118.013,120.7651,2.8885,2.879,2.8976,2.2193,2.2114,2.2271,1.2287,1.2241,1.2333,MARCS,V807 Tau,68.27764941,24.165271657809996,5.4315,5.8,-16.252,18.2532,2000,1.7572287796930197E-9,,7.899,0.105
1636148068921376768,Gaia DR3 147940663906992512,147940663906992512,555369187,2016,68.66340786629051,0.016843423,25.016899426525253,0.011545955,11.749232981455727,0.019083869,615.6631,53.73616,-52.56791018,0.023130426,-11.14404638,0.017922658,0.23861109,0.06182542,-0.05007715,0.004563071,-0.27079633,0.006527054,0.023656769,-0.018396165,-0.009514163,0.24239084,301,301,299,2,5.54618,872.4715,0.114990756,18.49042,31,true,1.4796591,,,,,,,,34,16,0.033144847,36,10,0,0.017901877,2.2764478,0,0,1.2360127,,,,,,,,,false,317,1941856.980291183,2081.0496,933.11426,9.966824,35,882702.6424223107,3408.578,258.9651,10.474006,35,1515402.5104033425,4910.4126,308.61002,9.296576,1.2349546,0,0,0,0,0,1.1774302,0.5071821,0.67024803,,,,,,,,,,,,,,,,,,,,,,,NOT_AVAILABLE,173.85606376186513,-15.0962403,70.72140333,2.9943404430598473,false,false,0,false,false,false,false,false,true,true,false,1.0819808E-13,5.4044394E-13,0.9993886,4986.7305,4924.8833,5086.868,4.279,4.2544,4.3053,-0.5879,-0.6578,-0.4826,85.0586,84.7989,85.3253,0.3617,0.3085,0.4402,0.2878,0.2451,0.3515,0.1549,0.1319,0.1889,MARCS,V1110 Tau,68.66366569,25.01694896,11.7492,-52.568,-11.144,0.0,2000,3.850032100618701E-10,,11.881,0.149
1636148068921376768,Gaia DR3 148116246465275520,148116246465275520,503669937,2016,70.52290010832067,0.2604294,25.382200313497712,0.15627903,6.754921211987163,0.2854022,23.668077,23.129528,3.7984588790088094,0.31593198,-22.81549338,0.22832368,-0.074146934,0.23941949,-0.12264881,0.13820134,-0.25162998,0.054754082,-0.047142778,0.06716938,0.16755134,-0.107823335,307,0,307,0,200.16821,87947.266,2.2500577,3410.4988,31,false,1.2384979,,,,,,,,35,17,0.4416314,35,12,0,0.08100227,177.66356,1,2,16.301352,0.17269792,0.46081895,0.23003408,0.36934355,-63.19233,-0.102178045,-41.76213,32.47553,false,307,74832.32012,252.82715,295.98215,13.502144,32,11678.747867667043,165.80626,70.43611,15.170052,32,103802.42385260836,935.0542,111.0122,12.2073765,1.5431992,0,1,0,1,0,2.962675,1.6679077,1.2947674,,,,,,,,,,,,,,,,,,,,,,,VARIABLE,174.6786145808578,-13.57007008,72.44078993023585,3.122408219136953,false,false,0,false,false,false,true,false,false,true,false,1.0211793E-13,5.1007397E-13,0.9999905,,,,,,,,,,,,,,,,,,,,,,,V999 Tau,70.52288142,25.382301715690005,6.7549,3.798,-22.815,14.9309,2000,3.1435136383790847E-9,,6.972,0.197
1636148068921376768,Gaia DR3 148116177746232192,148116177746232192,945965575,2016,70.53054317804539,2.5206923,25.384148042667086,1.4395192,,,,,,,,,-0.18913212,,,,,,,,,,290,0,272,18,772.65204,3372932.2,19.022717,186275.66,3,false,,,,,,,,,31,16,4.213139,41,41,0,0.29980907,30.269953,43,2,,0.1804629,0.48708928,0.2835477,0.35353345,-79.57466,2.9472125,-41.751957,30.295826,false,291,57991.888602651234,828.00195,70.038345,13.778949,29,8458.670043491296,66.71801,126.78241,15.520287,29,109954.35356623805,448.36877,245.23196,12.144864,2.0418894,0,0,0,0,0,3.3754225,1.7413378,1.6340847,,,,,,,,,,,,,,,,,,,,,,,NOT_AVAILABLE,174.6815659712583,-13.56349404,72.44790321171595,3.123421663264975,false,false,0,false,false,false,false,false,false,false,false,1.0204125E-13,5.09691E-13,0.99999815,,,,,,,,,,,,,,,,,,,,,,,V1000 Tau,70.53054318,25.38414804,0.0,0.0,0.0,0.0,2000,5.082535703952419E-12,,7.324,0.132
1636148068921376768,Gaia DR3 156900622818205312,156900622818205312,552732206,2016,73.90406302657443,0.016953556,30.298531794590684,0.007586541,6.359827108369882,0.021035094,302.34366,24.594267,4.508531249207048,0.023777131,-24.17749131,0.01428613,-0.1684858,-0.024497833,-0.29065448,0.39866158,0.010002958,0.3153877,-0.43401763,0.33940658,0.39618477,0.12619649,449,449,446,3,-0.9514864,857.3292,0.06648453,7.5218763,31,false,1.4650143,,,,,,,,51,16,0.033961307,52,22,2,0.014988778,167.70485,0,0,0.9673858,,,,,,,,,false,439,1376567.3047155219,842.75397,1633.4154,10.340373,50,604199.6691,1339.6294,451.02002,10.885591,50,1108576.6961220808,1715.8376,646.08484,9.635982,1.2442373,0,0,0,0,0,1.249609,0.5452175,0.7043915,12.327216,2.1536446,1,27,3,10,135.92953,20.212917,0.0,529.9085,41.040985,4500,3.0,-1.5,111,,,,9.335778,0.007770709,21,,VARIABLE,172.67993597837796,-8.161834352,76.02379027234791,7.6368658550685735,false,false,0,false,false,false,true,false,false,true,false,1.03506843E-13,5.1701146E-13,0.999853,,,,,,,,,,,,,,,,,,,,,,,HD 282630,73.90403982,30.298639250250005,6.3598,4.509,-24.177,13.578,2000,3.1888217029658096E-9,,7.061,0.125
1636148068921376768,Gaia DR3 164536250037820160,164536250037820160,446645573,2016,65.49524661321361,0.017776141,28.301691617649134,0.00882642,7.873458697336928,0.01900044,414.38297,27.864468,8.836782471533684,0.026595937,-26.42611944,0.016644321,0.21841988,-0.032707978,0.10723072,-0.2004289,0.12159434,-0.2257576,0.44547674,-0.07635046,-0.103731185,0.012288429,390,390,388,2,-2.0676308,665.9314,0.06901342,6.7061768,31,true,1.5055519,,,,,,,,44,15,0.03688799,46,7,3,0.04988928,172.9179,0,0,0.92538327,,,,,,,,,false,402,5669666.748082212,5340.261,1061.6833,8.803473,45,2742524.9258078644,8559.226,320.41742,9.243166,45,4228384.420448444,10245.412,412.71005,8.182459,1.2295096,0,0,0,0,0,1.0607071,0.4396925,0.6210146,12.760008,2.5402548,1,8,2,7,148.48134,12.913101,0.0,889.8464,17.366919,6000,4.0,0.25,222,,,,7.905295,0.021008864,5,,VARIABLE,169.36601229623437,-15.0323149,68.42715105168215,6.679151995876956,false,false,0,true,true,false,true,false,true,true,false,1.0330237E-13,5.1599014E-13,0.99987334,5768.6514,5765.685,5771.4424,3.9363,3.935,3.9376,-0.2052,-0.2084,-0.2017,125.4926,125.2029,125.7809,0.6328,0.6304,0.6351,0.5216,0.5196,0.5235,0.2815,0.2803,0.2825,MARCS,HD 283572,65.49520201,28.301809067060002,7.8735,8.837,-26.426,14.22,2000,1.1234247334827375E-9,,7.722,0.057
1636148068921376768,Gaia DR3 3017364162103039104,3017364162103039104,366889663,2016,83.82655364,0.019520437,-5.377063208,0.017358184,2.569511892074737,0.030307246,84.7821,2.285687,2.147340552403645,0.025763325,0.7831307292898501,0.022316435,0.0679632,-0.14342768,-0.007923792,-0.15791386,-0.29424918,-0.064713255,-0.4139616,0.18954141,0.32419875,-0.14913443,401,401,399,2,1.137523,2104.9592,0.1997913,54.460453,95,false,,1.333484,0.004942664,-0.12794274,-0.23699263,-0.031436738,-0.08535462,0.13143104,46,20,0.036639,51,28,0,0.0680762,5.1508512,1,0,1.0399878,,,,,,,,,false,348,216087.06633912626,708.607,304.9463,12.350795,39,130643.79040854488,3586.639,36.42513,12.54832,38,299218.4942,3063.2744,97.6793,11.057924,1.9893013,0,0,0,0,0,1.4903955,0.19752502,1.2928705,,,,,,,,,,,,,,,,,,,,,,,NOT_AVAILABLE,209.00259388417544,-19.37127963,82.99121947542625,-28.66627039,false,false,0,true,true,false,false,false,false,true,false,2.1086653E-10,2.0662641E-8,0.99999946,,,,,,,,,,,,,,,,,,,,,,,V1229 Ori,83.82654406,-5.377066689,2.5695,2.147,0.783,32.93,2000,1.640358277216806E-9,,2.567,0.051
1636148068921376768,Gaia DR3 3017364127743299328,3017364127743299328,75051126,2016,83.82480220579107,0.026492335,-5.379287169,0.023534197,2.484119772088328,0.0410052,60.580605,4.826876,3.9710952913246835,0.03442787,2.7439270645359444,0.030078398,0.10841453,-0.1591459,-0.0685796,-0.124333516,-0.28168297,-0.044034068,-0.40507296,0.17633744,0.31326973,-0.09571559,413,413,410,3,13.362499,5823.7666,0.3000806,152.23512,95,false,,1.3388591,0.006696886,-0.11403661,-0.19948906,0.002278342,-0.08086656,0.111584224,47,21,0.048350822,51,28,0,0.02883465,92.27318,0,0,1.5042489,,,,,,,,,false,378,504456.29792917107,1024.5537,492.36685,11.430308,34,230104.57288297277,2008.5208,114.5642,11.933729,34,608854.2047778219,3047.2026,199.80759,10.2866125,1.6630951,0,1,0,0,0,1.6471167,0.5034208,1.1436958,,,,,,,,,,,,,,,,,,,,,,,NOT_AVAILABLE,209.00386011915867,-19.37384081,82.98911091685827,-28.66840669,false,false,0,true,true,false,false,false,false,true,false,4.2511952E-11,2.0632072E-9,0.9999996,,,,,,,,,,,,,,,,,,,,,,,MT Ori,83.82478448,-5.379299364,2.4841,3.971,2.744,24.94,2000,5.375015161081284E-10,,2.646,0.041
1636148068921376768,Gaia DR3 3017364127743288704,3017364127743288704,1445708637,2016,83.81572342687424,0.018582992,-5.386075096,0.01793308,2.6110427129298786,0.03139398,83.17017,1.7930034,1.3449391843971354,0.02187856,1.1857486937168826,0.021380486,0.3279247,-0.42513496,-0.2600082,-0.26565507,-0.41997534,-0.090962484,-0.6757575,0.23452641,0.4841426,0.12140445,316,316,310,6,11.4277725,1220.2518,0.13541882,26.499626,31,true,1.4523401,,,,,,,,36,15,0.037176766,41,26,1,0.018276282,142.00053,0,0,1.4954784,,,,,,,,,false,275,2515116.735087247,3346.3235,751.60596,9.685971,8,1176981.2198558622,32833.62,35.84683,10.161618,7,2409989.7042918666,18947.086,127.1958,8.792857,1.4261647,1,1,1,1,0,1.3687611,0.47564697,0.8931141,,,,,,,,,,,,,,,,,,,,,,,NOT_AVAILABLE,209.00594297086263,-19.38497249,82.97844369734096,-28.6747454,false,false,0,false,false,false,false,false,false,true,false,1.02025186E-13,4.4797321E-10,0.9999998,,,,,,,,,,,,,,,,,,,,,,,* tet01 Ori E,83.81571742,-5.386080366,2.611,1.345,1.186,34.3,2000,1.136613708928543E-9,,2.557,0.051
1636148068921376768,Gaia DR3 3017364132050194688,3017364132050194688,1432973841,2016,83.81594522278877,0.04320648,-5.387314083,0.035196085,2.6426952032105238,0.071785346,36.81385,1.3780824,1.355206682579399,0.058325756,0.2500517675682431,0.047949173,0.31247073,-0.2539147,0.104213074,-0.20897618,-0.12642382,0.021511957,-0.35202968,0.23875172,0.4567753,0.06756954,331,331,329,2,11.540892,6049.9375,0.42398107,201.50705,31,false,1.7449378,,,,,,,,37,17,0.08350341,37,20,6,0.021496752,139.70374,0,0,1.4848971,,,,,,,,,false,316,4.206597382869291E7,19733.54,2131.6995,6.6275396,23,3.0150890393730473E7,34523.426,873.3458,6.6402917,22,2.0174077294487838E7,52456.113,384.58963,6.4859114,1.1963344,1,0,0,0,0,0.15438032,0.012752056,0.14162827,,,,,,,,,,,,,,,,,,,,,,,NOT_AVAILABLE,209.0072202451316,-19.38533602,82.97862611003963,-28.67599369,false,false,0,true,true,false,false,false,false,true,false,1.5637951E-8,5.491972E-13,0.9992698,,,,,,,,,,,,,,,,,,,,,,,* tet01 Ori A,83.81593917,-5.387315194,2.6427,1.355,0.25,28.3,2000,9.588063131890205E-10,,2.626,0.1
1636148068921376768,Gaia DR3 3209527291055512064,3209527291055512064,997093821,2016,83.83882502140196,0.051028207,-5.203521697,0.04473177,1.9927865329386905,0.07146354,27.88536,4.9736977,2.5281964156382597,0.06795747,-4.283210649,0.05628517,0.32971588,-0.054589335,-0.122778915,-0.16569668,-0.14430855,-0.128816,-0.3457212,0.1718366,0.19661239,0.20153627,445,445,444,1,87.06865,24097.584,0.6167494,593.4785,95,false,,1.4458227,0.012043077,-0.021692898,-0.13999607,0.031167096,-0.15347637,0.13198198,51,21,0.09939941,56,56,0,0.009723934,140.56264,0,0,5.0943246,,,,,,,,,false,442,1190499.2552560647,1256.0361,947.82245,10.498044,48,465846.50203240616,1568.8107,296.94247,11.167935,49,1057893.722542016,2866.8496,369.00916,9.68679,1.279917,0,0,0,0,0,1.4811449,0.66989136,0.81125355,24.476564,2.8003833,1,25,10,16,129.20676,20.519823,0.0,945.18286,42.23613,6000,3.5,0.0,333,112.776146,10.764336,13,9.324175,0.009582681,13,,VARIABLE,208.84448580600542,-19.28180434,83.01473456133657,-28.49352911,false,false,0,true,true,false,true,false,false,true,false,1.0211793E-13,5.1007397E-13,0.9999905,,,,,,,,,,,,,,,,,,,,,,,Brun 656,83.83881374,-5.203502661,1.9928,2.528,-4.283,30.3504,2000,1.3167250761755359E-9,,2.708,0.21
1636148068921376768,Gaia DR3 3209551544732356224,3209551544732356224,23142781,2016,83.69340551,0.12289899,-4.900561268,0.11042499,2.4220776574445058,0.17522053,13.823024,1.8034538,1.6167379941422393,0.15586108,-0.799126886,0.13161908,0.26127815,-0.011466009,-0.13507205,-0.14774045,-0.18606053,-0.098859206,-0.46357396,0.23541635,0.24110094,0.04039044,484,0,483,1,2.2088456,712.7986,0.8187683,5.524853,95,false,,1.1531324,0.032108296,-0.04053739,-0.07128026,0.07152142,-0.15331325,0.17170979,55,22,0.22225048,60,34,0,0.003718126,159.31288,0,0,1.0716445,0.10907654,0.30116454,0.18841034,0.52114266,-167.66376,-20.968355,1.1737142,-43.823315,false,478,853.7035065475905,2.33483,365.63837,18.359098,41,104.25114989795654,11.664833,8.937218,20.29334,52,1425.9898443866857,16.212074,87.9585,16.862604,1.7924736,0,2,0,1,0,3.4307365,1.9342422,1.4964943,,,,,,,,,,,,,,,,,,,,,,,NOT_AVAILABLE,208.48884315427537,-19.27331298,82.86724661,-28.18382507,false,false,0,false,false,false,false,false,true,false,false,3.7565281E-10,8.7644985E-13,1.0,4259.4404,4220.7495,4295.7734,4.1173,4.1096,4.1262,-0.4958,-0.5503,-0.4275,264.4918,261.2574,267.498,8.6716,8.6162,8.7168,5.3876,5.3458,5.424,3.1033,3.08,3.1231,PHOENIX,V1699 Ori,83.69339829,-4.900557716,2.4221,1.617,-0.799,39.1961,2000,1.2901722929435282E-9,,2.493,0.049
1636148068921376768,Gaia DR3 3209424108758593408,3209424108758593408,1174149200,2016,83.61390902,0.012576426,-5.406194536,0.010897843,2.572673027800726,0.01717193,149.81851,7.346181,-7.290866884,0.016409252,-0.899795374,0.012909703,0.09105702,-0.17053618,-0.21546142,-0.08231988,-0.090421095,-0.042566035,-0.5660278,0.20352471,0.15682706,0.026773162,438,438,430,8,4.423919,1300.7981,0.1074814,18.987028,31,true,1.4051985,,,,,,,,51,21,0.023172515,52,32,0,0.07028381,89.54599,0,0,1.1546913,,,,,,,,,false,431,411953.6481890154,1534.8397,268.40173,11.650246,50,151338.4417020113,2058.8948,73.5047,12.388669,50,385825.0915348869,3863.4224,99.86614,10.7819195,1.3039417,0,0,0,0,0,1.6067495,0.73842335,0.8683262,7.6565027,9.981035,1,25,11,14,65.39128,43.756817,0.0,957.761,162.6276,4250,2.0,-1.5,111,,,,10.405803,0.030340575,13,,VARIABLE,208.92855830291387,-19.57325728,82.74857076283068,-28.68486694,false,false,0,true,true,false,true,false,true,true,false,1.02408255E-13,5.115241E-13,0.9999618,4930.729,4915.2056,4943.788,3.4011,3.3794,3.4178,-0.0121,-0.0332,0.0117,390.005,385.9943,394.6392,1.2444,1.2308,1.2577,0.953,0.9422,0.9637,0.5078,0.5018,0.5137,MARCS,V1961 Ori,83.61394157,-5.406190537,2.5727,-7.291,-0.9,32.0221,2000,1.0513234788495634E-9,,2.533,0.027
1636148068921376768,Gaia DR3 3209531650444835840,3209531650444835840,157478066,2016,83.76792178,0.01004309,-5.136839654,0.009504516,2.5446936099951003,0.013918502,182.82812,7.1778235,0.26342726249481496,0.012617451,7.172987929717448,0.011426897,0.2522542,-0.09403831,-0.2466531,-0.19257669,-0.16943613,-0.16801536,-0.50219303,0.13332406,0.15442386,0.13848153,488,488,483,5,2.984092,1094.2427,0.07737028,9.667628,31,true,1.401482,,,,,,,,55,22,0.018911127,57,34,2,0.010049467,141.74686,0,0,1.0973293,,,,,,,,,false,485,1646194.897772006,2867.0361,574.18005,10.146164,56,595616.121,3336.0676,178.53838,10.901126,56,1536616.4834660948,6920.569,222.03615,9.281482,1.2952492,0,0,0,0,0,1.6196442,0.75496197,0.8646822,16.929571,3.8579898,1,22,6,14,151.15231,32.731762,0.0,945.18286,59.046913,5000,4.5,-0.5,222,,,,8.923248,0.012642194,13,,VARIABLE,208.7475896901796,-19.31450802,82.93821410135912,-28.42347798,false,false,0,true,true,false,true,false,true,true,false,1.0225226E-13,5.1074493E-13,0.99997723,5126.8237,5111.46,5182.927,2.95,2.9355,2.9592,-0.1934,-0.1978,-0.1859,383.6772,380.2567,392.0241,1.5002,1.4875,1.5496,1.1533,1.1428,1.1931,0.6186,0.6128,0.6407,MARCS,V1321 Ori,83.7679206,-5.136871534,2.5447,0.263,7.173,17.6,2000,1.9009928185795917E-9,,2.509,0.044
1636148068921376768,Gaia DR3 3017270879709003520,3017270879709003520,38959732,2016,83.66566593,0.009433872,-5.40711247,0.008422935,2.5693400129263977,0.013846688,185.55629,3.8395061,-3.735560309,0.012455517,-0.88735384,0.010327549,-0.023114238,-0.13315319,-0.12212265,0.07191126,-0.041351184,0.10337969,-0.3645929,0.21382935,0.041507784,-0.13704436,427,427,421,6,-0.27044258,758.6053,0.067318924,7.4682918,31,true,1.4082941,,,,,,,,49,20,0.017819235,53,30,1,0.006577346,33.379684,0,0,0.9898401,,,,,,,,,false,425,880385.5321338949,815.21783,1079.939,10.825685,51,323392.0569328376,1054.8475,306.57706,11.5642185,50,803060.6730336684,2063.465,389.18063,9.986025,1.2794994,0,1,0,0,0,1.5781937,0.738534,0.8396597,20.256544,3.7337434,1,21,6,12,95.67954,33.35073,0.0,957.761,52.529068,4250,2.0,-1.0,111,,,,9.620302,0.008743516,12,,VARIABLE,208.95416566040018,-19.52772123,82.80718006098235,-28.68837192,false,false,0,false,false,false,true,false,false,true,false,1.02786527E-13,5.134136E-13,0.9999243,,,,,,,,,,,,,,,,,,,,,,,Brun 334,83.66568261,-5.407108526,2.5693,-3.736,-0.887,20.3025,2000,2.4970429894230214E-9,,2.591,0.046
1636148068921376768,Gaia DR3 3017294622299833216,3017294622299833216,601736651,2016,84.06262132442136,0.03790758,-5.647921367,0.031409007,2.658460503335809,0.053727183,49.480736,1.2145636,1.2053634987117776,0.051267717,-0.149209449,0.039330557,0.18875419,-0.1785885,-0.11335171,-0.09516596,-0.039099615,-0.021295436,-0.3605806,0.17745242,0.16608678,0.026991664,443,443,443,0,0.7312574,9814.3,0.45614123,291.60574,31,false,1.835128,,,,,,,,50,20,0.07162122,50,29,9,0.023579245,3.740379,0,0,1.0240412,,,,,,,,,false,434,4.6448992381024025E7,14574.325,3187.0425,6.519926,46,3.726634755990022E7,31357.732,1188.4261,6.41025,42,1.6613206181330303E7,13098.345,1268.344,6.696762,1.1599725,0,1,0,9,0,-0.2865119,-0.109675884,-0.17683601,,,,,,,,,,,,,,,,,,,,,,,NOT_AVAILABLE,209.37114670213182,-19.2839546,83.24427150368275,-28.94807017,false,false,0,true,true,false,false,false,true,true,false,1.02199086E-13,5.104793E-13,0.99999964,16898.402,16665.633,16996.035,3.9034,3.8822,3.9271,0.595,0.5581,0.7043,455.4786,443.5215,467.6577,4.0E-4,0.0,0.0011,4.0E-4,0.0,0.0011,2.0E-4,0.0,6.0E-4,A,HD 37150,84.06261594,-5.647920704,2.6585,1.205,-0.149,60.7311,2000,1.877300370119374E-9,,2.536,0.046
1636148068921376768,Gaia DR3 3209634905754969856,3209634905754969856,516053360,2016,83.84111801341672,0.04265653,-4.494166531,0.034868356,2.7835225490709585,0.06771224,41.108116,2.143934,1.477035371124452,0.057986893,1.5539690886509607,0.04370997,0.3598129,-0.16363694,0.056860786,-0.2810167,0.033664826,-0.16313373,-0.33242726,0.01310941,0.11676893,0.06415609,543,543,540,3,10.489832,18801.492,0.53227925,465.11246,31,false,1.8269751,,,,,,,,61,19,0.080698885,62,36,21,0.032585017,178.5669,78,0,1.3365704,,,,,,,,,true,535,4.4388125464158304E7,25295.01,1754.8175,6.5692,59,3.571454400555374E7,31505.975,1133.5801,6.4564295,56,1.7166140469410043E7,18188.797,943.77545,6.661214,1.1913251,0,7,0,44,0,-0.2047844,-0.11277056,-0.092013836,,,,,,,,,,,,,,,,,,,,,,,VARIABLE,208.1770032472581,-18.95706392,83.05626224610832,-27.78511608,false,false,0,true,true,false,true,false,true,true,false,1.02235535E-13,5.106614E-13,0.9999996,17486.176,17116.111,18558.006,4.043,3.9638,4.1824,0.6098,-0.1178,0.7686,376.15,318.5601,412.3304,0.1595,0.1535,0.1694,0.1601,0.1541,0.1701,0.0863,0.083,0.0917,A,V1046 Ori,83.84111143,-4.494173438,2.7835,1.477,1.554,29.5,2000,2.0715817598038012E-10,,2.643,0.075
1636148068921376768,Gaia DR3 3209527943889688320,3209527943889688320,614740591,2016,83.91990045005876,0.06823358,-5.15042926,0.06256426,2.753719689160924,0.099580124,27.653305,2.060637,2.059244943801467,0.09167423,0.075729443,0.08144456,0.14670397,0.03380101,-0.10051195,-0.06586334,-0.12529463,-0.060516946,-0.30087477,0.23863816,0.023006579,-0.020972457,430,0,430,0,143.69847,31265.63,0.8734389,620.0286,31,false,1.2775189,,,,,,,,50,20,0.12859032,54,29,0,0.002764527,58.700893,0,0,8.871156,0.11131341,0.22536032,0.08304399,0.6636723,176.01082,-28.515966,5.055794,44.907066,false,424,70570.99332899333,90.565384,779.227,13.565802,51,14367.494100985463,74.29183,193.39265,14.945089,53,88107.71813432472,295.15408,298.5143,12.385361,1.4520868,0,0,0,1,0,2.5597286,1.3792877,1.1804409,7.912869,24.10391,1,26,4,17,26.774078,47.732788,0.0,772.14044,112.889755,4000,3.0,0.0,333,,,,11.830621,0.017757459,22,,VARIABLE,208.83312996696918,-19.18576501,83.10939329277645,-28.4443941,false,false,0,true,true,false,true,false,false,true,false,1.0204325E-13,5.097009E-13,0.999998,,,,,,,,,,,,,,,,,,,,,,,V363 Ori,83.91989126,-5.150429597,2.7537,2.059,0.076,36.4437,2000,1.639807372434182E-9,,2.575,0.389
1636148068921376768,Gaia DR3 3209578899381500928,3209578899381500928,1141021922,2016,83.80191500590026,0.18913351,-4.740537982,0.16212137,2.3909052309929617,0.27721795,8.62464,2.5444636,1.8505034487066436,0.24635866,-1.746405488,0.19696791,0.3558257,-0.069668844,-0.10034899,-0.17707849,-0.21502441,-0.1567425,-0.3499879,0.27711067,0.13389684,0.122847535,504,0,504,0,276.5887,147667.31,2.457538,4477.7,31,false,1.3151786,,,,,,,,58,22,0.35575166,59,33,0,0.04977818,155.553,0,0,17.874786,0.20441309,0.36225444,0.13557649,0.5657544,171.08551,-26.914574,12.345671,-43.00578,false,491,56684.76332936136,132.50824,427.78293,13.803701,57,14612.877797258432,111.45866,131.10582,14.9267025,56,67119.57794,347.50156,193.149,12.680773,1.441877,0,1,0,1,0,2.2459297,1.1230011,1.1229286,23.802557,4.1172237,2,32,4,16,21.405415,,,910.1964,,5500,4.5,0.0,0,,,,12.1401,0.019519476,30,,VARIABLE,208.3900867730284,-19.1041994,82.99858995,-28.02930523,false,false,0,true,true,false,true,false,false,true,false,1.0252929E-13,5.121287E-13,0.9999498,7177.658,6934.8037,7251.456,2.1007,2.0398,2.1192,-0.834,-0.8831,-0.7857,6427.7007,6290.2363,6814.393,4.4952,4.3585,4.5401,3.4904,3.362,3.5303,1.9553,1.8797,1.9791,MARCS,V1727 Ori,83.80190675,-4.740530221,2.3909,1.851,-1.746,29.12,2000,2.849820680755437E-9,,2.312,0.207
1636148068921376768,Gaia DR3 3216578905797137920,3216578905797137920,703351073,2016,85.46911726984128,0.021425085,-2.064338549,0.020371336,2.499734309089484,0.027459536,91.03338,1.4597911,0.6451685222059726,0.023499958,-1.309483754,0.021910407,-0.35453734,0.103842646,-0.34802538,0.39135826,-0.44455218,0.37274283,-0.7915246,-0.06088912,0.43557212,-0.3334098,302,0,302,0,3.4500608,370.76138,0.07003893,2.299541,31,false,1.2641892,,,,,,,,36,19,0.04153986,37,26,0,0.036594458,2.275051,0,0,1.1436728,0.2313185,0.43182957,0.32170957,0.29653922,-68.34052,3.4511971,-21.167784,-36.406506,false,299,41041.990356371105,141.48505,290.08005,14.154296,37,7635.932902492313,85.942566,88.84925,15.631387,37,53215.617076150964,505.22403,105.330734,12.932797,1.4826657,0,0,0,0,0,2.6985893,1.4770908,1.2214985,35.58177,6.0441337,2,19,3,14,14.430254,,,923.7056,,4500,3.5,0.0,222,,,,12.273348,0.039035533,17,,VARIABLE,206.70013284860366,-16.39469152,84.98533941,-25.4247835,false,false,0,true,true,false,true,false,true,true,false,1.020934E-13,5.099514E-13,0.99999297,10006.414,9954.09,10054.851,4.0407,4.0201,4.0522,-1.4703,-1.4925,-1.4483,425.8363,419.7948,433.4518,6.324,6.3161,6.3312,4.8757,4.8687,4.8818,2.7344,2.7306,2.7378,A,V621 Ori,85.4691144,-2.064332729,2.4997,0.645,-1.309,28.7044,2000,2.2852539695041402E-9,,2.422,0.034
1636148068921376768,Gaia DR3 3216434320019125504,3216434320019125504,199403846,2016,84.90225361283144,0.07639926,-2.704788925,0.07307884,2.9977018571477885,0.07327928,40.90791,3.62947,3.5171799792921923,0.08421093,-0.895822487,0.07745387,-0.5780749,0.054188114,-0.56941897,0.6222759,-0.11571712,0.63683814,-0.8443502,0.001466825,0.14427614,-0.5994843,330,330,329,1,73.07468,16041.648,0.54298836,405.38724,31,false,1.516678,,,,,,,,37,17,0.16386917,37,26,1,0.016094254,153.8992,0,0,4.971964,,,,,,,,,false,313,2416769.153687266,2415.9236,1000.35,9.729279,35,1192251.4931262434,4029.7676,295.8611,10.147622,35,1756866.848716123,4337.563,405.03546,9.136048,1.2202731,0,0,0,0,0,1.0115738,0.41834354,0.59323025,36.768536,6.078217,1,10,3,7,94.08847,17.637037,0.0,392.67523,43.346554,6000,3.5,-1.0,222,157.96718,9.11939,7,8.884036,0.006950673,7,,NOT_AVAILABLE,207.01811384359956,-17.19361742,84.33068623570801,-26.04380274,false,false,0,false,false,false,false,false,false,true,false,1.058716E-13,5.2882335E-13,0.99961895,,,,,,,,,,,,,,,,,,,,,,,HD 294300,84.90223796,-2.704784943,2.9977,3.517,-0.896,43.3088,2000,1.1356789974262185E-9,,3.303,0.353
1636148068921376768,Gaia DR3 3219148876788783488,3219148876788783488,477322714,2016,86.68077361578223,0.034102894,0.076675945,0.03402629,2.358203461019767,0.04186648,56.326767,0.54703623,-0.01831515,0.045342144,-0.54672955,0.039063457,-0.22406347,-0.124746196,-0.32885352,0.30061343,-0.2602391,0.4626883,-0.78395027,-0.008642807,0.33139658,-0.37656444,399,399,394,5,31.465958,4616.1333,0.314356,144.82689,95,false,,1.5059441,0.007890444,0.06845865,-0.28851667,0.10000097,-0.13149822,0.40035427,45,19,0.075168766,48,48,0,0.050845698,7.3107605,0,0,2.3199327,,,,,,,,,true,387,1584847.7760922157,418.07874,3790.7878,10.187398,41,773665.8416623977,440.07263,1758.0413,10.617159,42,1195620.9924684283,439.6811,2719.2913,9.553911,1.2425716,0,1,0,0,0,1.0632477,0.42976093,0.63348675,30.115828,4.747009,1,21,1,13,123.56683,-1.1255224,0.9422604,924.4592,63.226795,9500,5.0,-0.25,555,211.41377,45.081505,19,9.2414,0.006888669,20,140.34158,NOT_AVAILABLE,205.3260972730272,-14.32197679,86.38511612899092,-23.32096423,false,false,0,true,true,true,false,false,false,true,false,8.0262597E-10,1.4836006E-10,0.9999965,,,,,,,,,,,,,,,,,,,,,,,HD 290862,86.6807737,0.076678374,2.3582,-0.018,-0.547,0.0,2000,1.8454156846415712E-9,,2.197,0.545
1636148068921376768,Gaia DR3 3015366315113566848,3015366315113566848,699354281,2016,85.53325411690825,0.43043777,-8.200832483,0.4556149,2.233115073,0.6279408,3.556251,1.4908481,-0.327874271,0.5578558,-1.454347402,0.5308227,0.0282962,-0.01833111,-0.24559201,0.023629732,-0.20451301,0.01258373,-0.50630915,0.2646007,0.22329755,0.095468156,382,0,381,1,3.5300825,531.5443,2.4367115,3.6253219,95,false,,0.89132637,0.12660524,-0.080571175,-0.16972826,-0.08734216,-0.22039326,0.13580881,45,21,0.82996833,45,25,0,0.02694254,158.24759,0,0,1.130705,0.08083337,0.16219628,0.12626296,0.5588345,-153.91283,-34.97218,-4.327376,44.67695,false,378,144.77097810891286,1.1319802,127.89179,20.285664,24,40.008878445618876,5.268403,7.5941186,21.33315,42,305.1053098866172,13.080129,23.325865,18.536772,2.383863,0,0,0,0,0,2.796379,1.0474873,1.7488918,,,,,,,,,,,,,,,,,,,,,,,NOT_AVAILABLE,212.47968875634706,-19.10993211,84.80970900259014,-31.55967151,false,false,0,false,false,false,false,false,false,false,false,4.130081E-9,1.4905847E-11,0.9999993,,,,,,,,,,,,,,,,,,,,,,,2MASS J05420800-0812028,85.53325559,-8.200826019,2.2331,-0.328,-1.454,49.0613,2000,1.65690764091044E-9,,2.315,0.072
1636148068921376768,Gaia DR3 3219148876788465408,3219148876788465408,1769533924,2016,86.68175864,0.016635807,0.091202377,0.015615777,2.4125733892770223,0.02031164,118.77787,1.1177304,-0.800165925,0.02201933,-0.78042015,0.01725917,-0.19195698,-0.20399389,-0.29842925,0.28374523,-0.2412181,0.45315427,-0.7479132,0.02232307,0.3011027,-0.3571677,396,0,390,6,3.0956726,463.91132,0.04553737,1.1817623,31,false,1.252348,,,,,,,,46,19,0.03490227,47,30,0,0.018460598,176.23573,0,0,1.1127123,0.1680915,0.37503278,0.3979901,0.4105173,-56.40853,-3.2300375,-13.332157,-36.9286,false,393,48513.30796222084,58.18192,833.82104,13.972714,43,7577.187547033461,59.104225,128.20044,15.639772,43,63908.68348284067,218.45851,292.5438,12.733995,1.4735311,0,2,0,1,0,2.905777,1.667058,1.238719,32.276363,35.77241,1,29,5,17,24.440872,83.69585,0.0,959.2701,105.21767,5500,4.5,0.0,0,,,,11.989664,0.018372113,24,23.703707,VARIABLE,205.31335082818813,-14.31426625,86.38658502363509,-23.30646706,false,false,0,true,true,true,true,false,true,false,false,1.0203538E-13,5.096616E-13,0.99999875,10205.445,9806.041,10335.496,3.9401,3.9195,3.9534,-1.1508,-1.2517,-0.9134,412.86,402.1163,418.6515,6.9307,6.8923,6.9437,5.2633,5.2226,5.2758,2.9668,2.9438,2.9735,A,GBS-VLA J054643.62+000528.3,86.68176219890998,0.091205846,2.4126,-0.8,-0.78,27.34,2000,2.0093588779294124E-9,,2.608,0.047
1636148068921376768,Gaia DR3 3015742318027468288,3015742318027468288,216820613,2016,85.64032028462486,0.009144194,-8.120884072,0.009602539,2.3632737325927584,0.012680078,186.3769,0.6102655,0.5803154822814145,0.011631987,-0.188832973,0.01158129,0.061584566,-0.027929122,-0.21571457,0.060615044,-0.02249596,0.104517266,-0.53133434,0.22587815,0.03534204,0.018251223,382,382,380,2,-2.8157184,595.6875,0.053813115,4.2682014,95,false,,1.4762055,0.002700842,-0.021488005,-0.22201972,-0.020592755,-0.21393172,0.27818346,43,21,0.017036583,45,45,0,0.019184664,135.19606,0,0,0.89797443,,,,,,,,,false,368,1036582.4280050282,235.06818,4409.71,10.648357,40,465799.7032920831,354.5312,1313.8469,11.168044,40,825921.1599735793,313.06238,2638.2,9.955549,1.2461343,0,0,0,0,0,1.2124949,0.5196867,0.69280815,32.092472,5.490435,1,18,8,13,84.76033,-1.0738765,0.9254068,788.12427,84.58603,10000,5.0,0.25,555,48.90761,10.410928,8,9.652919,0.007718343,8,,NOT_AVAILABLE,212.45273566310854,-18.97964472,84.93732378720587,-31.48358012,false,false,0,true,true,false,false,false,false,true,false,1.02187715E-13,5.1042254E-13,0.9999836,,,,,,,,,,,,,,,,,,,,,,,TYC 5346-538-1,85.64031768,-8.120883232,2.3633,0.58,-0.189,0.0,2000,1.5841688221794741E-9,,2.348,0.069
1636148068921376768,Gaia DR3 3219148185299243776,3219148185299243776,25390531,2016,86.68890809005586,0.013452204,0.044525703400002656,0.012622842,2.448648762883216,0.015949534,153.52478,1.0003659,0.1741038803122784,0.01822424,-0.985098798,0.013881635,-0.18338633,-0.17708512,-0.26142147,0.30156618,-0.23157829,0.483438,-0.74666154,-0.008869639,0.27967513,-0.37515044,384,384,382,2,5.537313,742.08716,0.076429345,7.6412096,31,true,1.3682544,,,,,,,,45,19,0.028749086,45,28,0,0.033044767,178.73166,0,0,1.2073483,,,,,,,,,false,381,187704.17577409605,279.5484,671.455,12.503682,42,61294.384608336855,296.33212,206.84354,13.36999,42,193821.58926902374,926.13873,209.27922,11.52939,1.3591385,0,1,0,0,0,1.8406,0.8663082,0.9742918,,,,,,,,,,,,,,,,,,,,,,,VARIABLE,205.35932362504866,-14.32993981,86.39309539949575,-23.35330816,false,false,0,true,true,false,true,false,false,true,false,3.087684E-11,2.8115835E-10,0.99997383,,,,,,,,,,,,,,,,,,,,,,,[SSC75] M 78 11,86.68890732,0.044530082,2.4486,0.174,-0.985,69.7147,2000,6.498098961958425E-10,,2.547,0.034
1636148068921376768,Gaia DR3 3216632640134477184,3216632640134477184,265750672,2016,85.40937188670982,0.15220398,-1.885901037,0.14671853,2.4572012475382263,0.19342,12.703967,0.41495854,0.099463686,0.17796406,-0.402861709,0.16365959,-0.17123695,0.14788038,-0.31817144,0.15565912,-0.30688688,0.118196815,-0.74418765,-0.03314087,0.3619159,-0.13044447,343,0,341,2,-1.6676781,622.47815,0.9580322,9.88283,95,false,,0.9858807,0.03221525,-0.069836944,-0.060349956,-0.089670084,-0.004395973,0.08495253,39,20,0.27700427,39,25,0,0.046813704,13.322992,0,0,0.9352956,0.19077924,0.35820824,0.17115839,0.34534657,-54.168823,4.4313583,-24.638517,-39.41595,false,337,1161.452197871907,3.2848864,353.57455,18.024864,12,85.44814570179875,11.665443,7.324895,20.509285,34,1772.6326610073686,78.10521,22.695448,16.626348,1.599791,0,0,0,0,2,3.8829365,2.4844208,1.3985157,,,,,,,,,,,,,,,,,,,,,,,NOT_AVAILABLE,206.5065528516999,-16.36449191,84.92622520870952,-25.24436573,false,false,0,false,false,false,false,false,false,true,false,1.030292E-12,5.1007955E-13,0.99999946,,,,,,,,,,,,,,,,,,,,,,,[BCB89] IRS 11,85.40937144,-1.885899246,2.4572,0.099,-0.403,0.0,2000,2.15057545968883E-9,,1.865,0.105
1636148068921376768,Gaia DR3 3216632644427939456,3216632644427939456,628825092,2016,85.40726383513015,0.057997808,-1.897662327,0.05632937,2.5076132324990015,0.071670115,34.98827,0.4269678,0.18855038294251558,0.07020842,-0.383079952,0.06447127,-0.19396976,0.12798142,-0.34053993,0.23410064,-0.2753234,0.1844221,-0.75117916,0.04041554,0.34059733,-0.1233845,350,0,348,2,1.6199957,823.6044,0.400643,13.044627,31,false,1.1632018,,,,,,,,40,20,0.1093321,40,25,0,0.012431019,151.42886,0,0,1.0614935,0.18737818,0.34725282,0.15834962,0.33711904,-41.343624,-1.160111,-22.292809,-39.230568,false,345,6853.291168465753,5.8544083,1170.6206,16.097618,37,221.7581568685478,12.781913,17.349371,19.473843,36,11250.268515228066,66.55886,169.02736,14.619988,1.6739441,0,2,0,3,1,4.853854,3.3762245,1.4776297,47.744057,10.97656,2,14,7,10,5.5827947,,,958.7667,,5500,4.5,0.0,0,,,,13.553822,0.11470834,9,,NOT_AVAILABLE,206.51637704710137,-16.37183473,84.92343934678935,-25.25604555,false,false,0,true,false,false,false,false,false,true,false,1.0202233E-13,5.0959643E-13,1.0,,,,,,,,,,,,,,,,,,,,,,,[BCB89] IRS 15,85.407263,-1.897660624,2.5076,0.189,-0.383,0.0,2000,2.030539919322081E-9,,2.223,0.121
1636148068921376768,Gaia DR3 3216632541348725504,3216632541348725504,346550582,2016,85.40777234910198,0.107747,-1.908877692,0.10820069,2.784276960647822,0.15072751,18.472254,0.76992244,-0.512439095,0.1344069,-0.574618783,0.12668973,-0.16594543,0.085687615,-0.18791708,0.22535011,-0.4557271,0.1930116,-0.54203516,-0.10185602,0.2537653,-0.003576313,287,0,286,1,-1.5741831,619.47626,0.7469782,12.375208,95,false,,1.0654368,0.026826063,-0.19722159,-0.08058815,-0.099535756,-0.10184487,-0.015166736,33,18,0.19893782,33,22,0,0.019707898,74.28671,1,0,0.93305814,0.33766687,0.2187307,0.3907531,0.64993167,-106.76723,2.6702185,-33.088253,-41.91422,false,283,2274.0212495955434,13.5518055,167.80208,17.29538,20,340.75667346429475,53.2131,6.4036236,19.007431,26,4908.423419855438,171.15263,28.678633,15.52054,2.308325,0,3,1,1,0,3.4868908,1.7120514,1.7748394,,,,,,,,,,,,,,,,,,,,,,,NOT_AVAILABLE,206.52696792928865,-16.37660863,84.92356424,-25.26727185,false,false,0,true,false,false,false,false,false,true,false,1.03993975E-13,5.28257E-13,0.99999964,,,,,,,,,,,,,,,,,,,,,,,2MASS J05413786-0154323,85.40777463,-1.908875138,2.7843,-0.512,-0.575,0.0,2000,2.57874618074578E-9,,2.804,0.032
1636148068921376768,Gaia DR3 173366939020289280,173366939020289280,1238744552,2016,67.56018177498103,0.088752,35.273309812856446,0.059989676,1.6175239018450498,0.098430716,16.433123,7.4766197,6.156697451469347,0.11570684,-4.242041712,0.08956058,0.053310316,0.26971915,-0.121970855,0.013099398,-0.15600885,-0.03252137,-0.18768601,0.11910734,0.100272134,0.037067756,251,42,250,1,25.718391,11245.156,0.73739123,425.01855,31,false,1.1862942,,,,,,,,29,16,0.1608269,31,11,0,0.05154983,139.76042,0,0,2.3621235,,,,,,,,,false,262,112675.56650716458,755.5625,149.12805,13.057793,29,12357.671319937546,125.78173,98.24695,15.108701,29,177963.45501141265,3286.8599,54.143913,11.622068,1.6891073,0,0,0,0,0,3.4866323,2.050908,1.4357243,,,,,,,,,,,,,,,,,,,,,,,NOT_AVAILABLE,165.3567925861783,-9.00608024,71.32548540588358,13.277463516724636,false,false,0,true,true,false,false,false,false,true,false,1.02152004E-13,5.1024414E-13,0.9999872,8676.794,8409.9,8802.419,2.8156,2.6873,2.9273,-1.5255,-1.6418,-1.4514,512.2809,413.2595,640.9603,9.3786,9.3215,9.4086,6.6212,6.5653,6.6452,3.8412,3.8057,3.8559,PHOENIX,EM* LkHA 101,67.56014826,35.27332867,1.6175,6.157,-4.242,0.0,2000,1.3521939839406097E-9,,1.87,0.1
1636148068921376768,Gaia DR3 216678389960646912,216678389960646912,1214107033,2016,56.135785498193016,0.07373691,32.14510366265926,0.048846893,3.3707232691205675,0.09855076,34.202915,7.9792857,4.085901707681695,0.10426296,-6.853787987,0.0628988,0.21111777,0.05983738,-0.15669513,0.13078405,-0.12091586,0.046284717,0.4919496,0.5360984,-0.11000184,0.12445347,246,0,244,2,29.281544,1667.603,0.50666404,60.525517,31,false,1.2449003,,,,,,,,28,14,0.15048689,39,13,0,0.008256293,94.44921,0,0,2.6023247,0.22442567,0.49972343,0.2009183,0.23438494,-40.84525,-11.2682705,-29.894419,37.64815,false,340,25209.912289772794,22.347067,1128.1083,14.683438,38,3859.2911813268424,36.00168,107.19753,16.372272,38,34673.13365191733,76.0848,455.71695,13.397913,1.5284632,0,1,0,0,0,2.9743595,1.6888342,1.2855253,,,,,,,,,,,,,,,,,,,,,,,VARIABLE,160.49819437251497,-17.81941885,61.15726476640041,12.034209051362666,false,false,0,true,true,false,true,false,false,true,false,1.0244451E-13,5.308236E-13,0.9999582,,,,,,,,,,,,,,,,,,,,,,,V913 Per,56.13576405,32.14513412,3.3707,4.086,-6.854,16.8532,2000,1.0035899922303217E-9,,3.119,0.104
1636148068921376768,Gaia DR3 216678076426514304,216678076426514304,642873789,2016,56.15392596091983,0.032421354,32.11261441008032,0.019192751,3.2215106738616113,0.040868223,78.82678,8.561149,5.001935194531297,0.043264285,-6.947943434,0.024610197,0.07984346,0.22407568,-0.0976585,0.056482483,-0.14861691,0.01773041,0.5027175,0.45033306,-0.14185607,0.04890229,240,240,237,3,13.937568,1261.2386,0.19143271,38.32913,31,true,1.3233382,,,,,,,,27,14,0.061543312,39,11,0,0.07578887,77.95773,94,0,1.7107471,,,,,,,,,false,345,266500.2606338572,382.1712,697.33215,12.123123,35,73659.87674895754,353.1146,208.6005,13.1704645,35,324102.08646366186,1242.1359,260.92322,10.971191,1.4925387,0,0,0,0,0,2.199273,1.0473413,1.1519318,15.875293,8.162999,1,4,1,4,21.59288,1.8213204,0.046583083,759.8861,28.771332,4750,4.5,-2.0,100,,,,10.470051,0.02461803,3,,VARIABLE,160.53245588044138,-17.83450923,61.16503702456094,11.999084088614657,false,false,0,false,false,false,true,false,true,true,false,1.0214221E-13,5.1019524E-13,0.99998814,5788.1606,5726.1636,5932.812,3.5072,3.482,3.6256,-0.8317,-0.9078,-0.6334,297.4064,269.2432,305.7777,3.3537,3.3167,3.4366,2.5306,2.4986,2.6022,1.4072,1.3885,1.4446,MARCS,V918 Per,56.15389971449999,32.11264529,3.2215,5.002,-6.948,16.7504,2000,3.2653193933376575E-10,,3.129,0.512
1636148068921376768,Gaia DR3 216653341711378560,216653341711378560,1681739217,2016,56.28318703,0.035583884,32.06715569322667,0.023194985,2.6051996295123083,0.04281662,60.84552,9.410556,0.9468886107380596,0.046713598,-9.362797063,0.030840144,0.24144697,0.017252846,-0.16045645,0.2172313,-0.022444377,0.08507498,0.5727592,0.43101928,-0.13916406,0.014221691,294,0,293,1,14.736299,889.51715,0.21748528,21.108166,31,false,1.2356293,,,,,,,,34,15,0.066446275,46,13,0,0.027162533,85.126884,0,0,1.6717359,0.22699106,0.53053266,0.23183738,0.16114023,-27.280205,-9.169585,-20.129051,36.79912,false,398,44817.498833614816,31.580214,1419.164,14.058748,43,6424.785308251015,27.375193,234.6937,15.818895,37,60433.56190897572,69.54846,868.9418,12.7947,1.4917911,0,1,0,0,0,3.0241957,1.7601471,1.2640486,17.62241,5.598338,2,14,4,12,11.812039,,,921.5871,,5500,4.5,0.0,0,,,,12.119688,0.049628135,10,,VARIABLE,160.65131246891198,-17.79908256,61.263576574409456,11.930043301029956,false,false,0,false,false,false,true,false,true,true,false,1.0203731E-13,5.096712E-13,0.9999985,10043.485,9982.415,10098.7295,3.8392,3.8225,3.8512,-0.9645,-0.9891,-0.9385,445.359,437.5084,455.8309,7.3108,7.3024,7.3189,5.4907,5.4834,5.4976,3.106,3.1019,3.1098,A,Cl* IC 348 LRL 11,56.28318206,32.06719730566001,2.6052,0.947,-9.363,15.0214,2000,1.003789579134047E-9,,2.68,0.076
1636148068921376768,Gaia DR3 2062619427869074560,2062619427869074560,741353153,2016,303.6078169,0.18915284,41.22688759568587,0.21703702,0.2427631024710595,0.23565869,1.030147,6.5836887,-3.965869594,0.2727406,-5.255172427,0.29966083,-0.05324947,0.123998635,-0.2403454,0.09162089,-0.006894834,0.09015178,-0.33736098,-0.050029267,-0.00106527,-0.10312473,356,0,356,0,2.716606,471.9279,1.1443886,3.5810099,95,false,,1.2345914,0.06391971,0.03398242,0.084851086,0.17013204,-0.18646091,-0.18267895,42,25,0.4320724,45,21,0,0.00968704,24.943378,0,0,1.1034313,0.20761576,0.075511515,0.13470386,0.29899958,-110.2791,89.729225,27.295427,-12.117805,false,352,388.12132325526574,2.1583953,179.8194,19.214949,30,59.34428123881492,5.711922,10.389546,20.905094,37,660.4331270061164,13.307957,49.626938,17.698324,1.8545165,0,0,0,0,0,3.20677,1.6901455,1.5166245,,,,,,,,,,,,,,,,,,,,,,,NOT_AVAILABLE,78.12295544313417,3.6338869800283016,323.10132151092745,58.629881566448795,false,false,0,false,false,false,false,false,false,false,false,3.4368458E-13,5.097475E-13,0.99999833,,,,,,,,,,,,,,,,,,,,,,,IRAS 20126+4104,303.6078403,41.22691095,0.2428,-3.966,-5.255,0.0,2000,9.566433510835642E-10,,0.75,0.092
1636148068921376768,Gaia DR3 2056188624872569088,2056188624872569088,956574425,2016,306.0159085524506,0.052469324,33.86717686476381,0.060692985,0.30239125627265656,0.07828958,3.862471,9.343321,-5.177496222,0.07850257,-7.777607674,0.09215836,-0.13302578,0.017949425,-0.14880657,0.040279478,0.11679996,0.024684459,-0.15491699,-0.14035383,-0.045438245,-0.21819982,441,0,438,3,7.976908,748.5395,0.40640095,5.0520444,31,false,1.2616408,,,,,,,,50,25,0.13364823,52,18,0,0.039303083,178.82393,2,0,1.2821302,0.2693154,0.1942666,0.06838083,0.33174986,-155.734,70.891,17.064009,-10.149569,false,449,2447.291236,18.153711,134.80942,17.215652,48,482.9312475,17.353012,27.829823,18.628828,49,3822.5536126699144,91.19333,41.91703,15.792011,1.7592858,0,22,0,25,0,2.8368168,1.4131756,1.4236412,,,,,,,,,,,,,,,,,,,,,,,NOT_AVAILABLE,73.11872868232075,-2.091462471,321.0598913641169,51.117830006759355,false,false,0,true,false,false,false,false,true,true,false,1.02063675E-13,1.4218429E-10,0.999996,4857.2173,4824.0186,4895.907,3.5957,3.5603,3.6301,0.0686,-0.0145,0.1292,1238.3987,1192.6729,1287.6532,4.6737,4.6412,4.7087,3.2409,3.2145,3.2702,1.777,1.7591,1.7974,MARCS,V404 Cyg,306.0159393578233,33.86721171825972,0.4387,-5.769,-7.845,0.0,2000,6.272286756880242E-8,,0.418,0.024
1636148068921376768,Gaia DR3 465645515129855872,465645515129855872,1671178468,2016,40.131931264833995,0.007332206,61.22933050838676,0.009209115,0.37764990611808313,0.012974979,29.106012,0.49455786,-0.423431748,0.011322314,-0.255525018,0.011918911,0.069917,-0.017486885,-0.4292199,-0.08662367,0.07223479,-0.12345221,-0.19535072,0.1736169,-0.13651909,-0.06038007,575,575,565,10,-2.4547505,988.8912,0.0695448,8.108133,31,false,1.4670858,,,,,,,,65,23,0.016892515,71,28,1,0.015395073,170.66113,0,0,0.926974,,,,,,,,,true,610,1300340.1548246632,1116.5985,1164.5548,10.402225,66,565935.6549541623,1540.3701,367.40237,10.956625,67,1070872.5163813548,2508.4805,426.90088,9.673551,1.2587539,0,0,0,0,0,1.2830744,0.55440044,0.72867393,,,,,,,,,,,,,,,,,,,,,,,VARIABLE,135.6752737697255,1.0861251738760371,59.840637169204705,42.90786751519381,false,false,0,true,true,false,true,false,false,true,false,2.0558543E-11,3.1143E-10,0.999996,,,,,,,,,,,,,,,,,,,,,,,LS I+61 303,40.13193517,61.229331644050006,0.3776,-0.423,-0.256,392.121,2000,2.857199290198844E-9,,0.26,0.61
1636148068921376768,Gaia DR3 2059383668236814720,2059383668236814720,1492069098,2016,299.59029482904185,0.010937963,35.201578765113695,0.01300258,0.44390196847449304,0.014949423,29.693584,7.3721795,-3.812385176,0.014573607,-6.30989324,0.017452912,-0.1407248,-0.065376125,0.018097185,-0.15381882,0.074140586,-0.14617704,-0.17836937,0.04772878,-0.012111695,-0.15250795,409,409,407,2,-0.91047084,749.4669,0.09711823,9.343621,31,false,1.4716313,,,,,,,,46,27,0.024805067,48,18,1,0.010767574,176.87039,0,0,0.9672425,,,,,,,,,false,416,7249362.023705055,6278.541,1154.6252,8.536617,46,3205900.147086268,8325.28,385.08014,9.073668,46,5935015.821551577,15427.005,384.716,7.8143406,1.260927,0,0,0,0,0,1.2593269,0.53705025,0.7222767,,,,,,,,,,,,,,,,,,,,,,,NOT_AVAILABLE,71.33495940203416,3.0668344499402203,313.67349920859084,54.245740617123644,false,false,0,true,true,false,false,false,true,true,false,4.357199E-11,1.3265067E-10,0.9999933,32499.422,32497.209,32500.777,3.4599,3.4589,3.4615,0.0015,5.0E-4,0.0031,1991.432,1984.9923,1995.0605,3.4333,3.4325,3.4341,3.0882,3.0876,3.089,1.7088,1.7084,1.7092,OB,HD 226868,299.5903156,35.20160681,0.4439,-3.812,-6.31,-2.7,2000,1.7801944176148204E-9,,0.539,0.033
1636148068921376768,Gaia DR3 2162964329341318656,2162964329341318656,408542574,2016,313.4737146808538,0.011420703,44.386407242782255,0.013294957,8.891179780336985,0.014704551,604.65497,26.465168,26.450628082267205,0.014652615,-0.877168942,0.015315577,-0.022061953,-0.011765603,-0.1609789,-0.13073856,0.16325516,-0.1615159,-0.25125557,-0.11877981,-0.13775367,-0.06748126,318,318,316,2,-3.7828176,577.97205,0.0863408,7.019112,31,true,1.5185412,,,,,,,,36,26,0.021772515,38,18,5,0.027301986,134.18779,0,0,0.8512084,,,,,,,,,false,321,2.914311739631533E7,34269.727,850.4041,7.0260267,37,1.4446019919721473E7,56614.52,255.16458,7.439172,35,2.1221089854719713E7,95851.8,221.3948,6.4309764,1.2238605,0,0,0,0,0,1.0081954,0.41314507,0.59505033,-26.147675,2.2224085,1,17,0,16,494.05518,28.915411,0.0,821.56775,32.479992,5500,3.5,0.25,222,104.01646,11.105484,17,6.2080965,0.008203374,17,,VARIABLE,84.97733877328943,-0.282963634,338.1087974669541,58.001572220766256,false,false,0,true,true,false,true,false,true,true,false,1.07193165E-13,5.3542446E-13,0.99948806,5043.0107,5040.8574,5046.763,2.9253,2.9237,2.9268,-0.8484,-0.8499,-0.8463,112.0569,111.8794,112.2461,0.0021,4.0E-4,0.0057,0.0017,3.0E-4,0.0046,9.0E-4,1.0E-4,0.0025,MARCS,HD 199178,313.47355018043993,44.38641114,8.8912,26.451,-0.877,-30.76,2000,2.228527530228049E-9,,8.59,0.33
1636148068921376768,Gaia DR3 1962909425622345728,1962909425622345728,815505228,2016,332.16974273562016,0.017546033,45.74246076572013,0.017254569,23.52456673331771,0.022838078,1030.059,70.27712,-52.31041861,0.020917393,46.93073250092251,0.019514069,-0.27850813,-0.07603133,-0.38653418,0.08905461,0.21067072,0.057889316,-0.35938916,-0.10581412,-0.059627805,-0.24188732,343,343,335,8,1.6976216,1948.474,0.17351575,46.821568,31,false,1.5300076,,,,,,,,39,21,0.03240764,47,18,22,0.09442898,159.18872,0,0,1.0657704,,,,,,,,,false,358,8.14048493286241E7,163906.31,496.65475,5.9107413,40,4.138868622406682E7,230266.72,179.74237,6.296338,38,5.825525386071745E7,271136.97,214.85544,5.3345575,1.2240541,0,0,0,0,0,0.96178055,0.38559675,0.5761838,,,,,,,,,,,,,,,,,,,,,,,VARIABLE,95.55692656037688,-8.301173202,358.6974525223426,51.879079484024444,false,false,2,true,true,false,true,false,true,true,false,1.1961469E-13,5.974694E-13,0.9982583,5573.77,5571.3413,5575.891,3.8776,3.8769,3.8784,0.3504,0.3478,0.3534,42.8644,42.8199,42.9102,0.2066,0.2041,0.209,0.17,0.1679,0.172,0.0899,0.0888,0.091,MARCS,AR Lac,332.1700759,45.74225218,23.5246,-52.31,46.931,-33.84,2000,3.5741518694760505E-9,,23.97,0.37
1636148068921376768,Gaia DR3 1972957892448494592,1972957892448494592,1478494956,2016,325.67903728580995,0.022185484,43.58622246872635,0.026066013,8.854121474475964,0.030379275,291.4527,117.21889,112.38500220794307,0.02946335,33.31484221196361,0.032866023,0.033421297,0.024994895,-0.16519524,-0.15199244,8.037203E-4,-0.16437607,-0.2914972,-0.023666812,0.020863771,0.066231996,456,456,448,8,33.766792,5976.2183,0.31795055,124.18029,31,false,1.4967546,,,,,,,,52,28,0.047051582,63,43,0,0.59316516,104.70112,0,0,2.3265047,,,,,,,,,false,312,404074.49578095454,5127.5786,78.80415,11.671213,36,192953.76672860616,11744.56,16.429205,12.124909,36,331044.3042196335,12309.045,26.894394,10.94818,1.2967858,0,0,0,1,0,1.1767292,0.45369625,0.72303295,,,,,,,,,,,,,,,,,,,,,,,NOT_AVAILABLE,90.55963793185643,-7.110806785,350.4676355192413,52.65588817380196,false,false,0,true,true,false,false,false,true,true,false,8.2373963E-10,1.0205407E-9,0.99999,5582.8228,5525.084,5651.8247,4.6033,4.5948,4.6127,-4.0988,-4.1387,-3.9917,112.8046,112.402,113.1882,0.7623,0.7221,0.8106,0.6226,0.5885,0.6634,0.3457,0.3267,0.3685,MARCS,SS Cyg,325.6783477,43.5860744,8.8541,112.385,33.315,-62.0,2000,6.085349500363216E-9,,8.8,0.12
1636148068921376768,Gaia DR3 2018131400704379648,2018131400704379648,1560647052,2016,291.9332155945068,0.057144992,21.500790184632763,0.07208275,0.16663477934186252,0.10895514,1.5293889,4.8719745,-2.84105272,0.09241134,-3.957847092,0.104254566,0.058548506,0.13737318,-0.03344677,-0.31532222,0.11419781,-0.33215353,-0.06453142,-0.013049664,-0.35630274,-0.14563498,499,0,497,2,0.16147314,605.0213,0.30076948,1.8918976,95,false,,1.2509843,0.018445887,-0.11063743,0.06468251,-0.077554196,0.049545944,0.017676027,57,23,0.15188074,59,21,1,0.007559023,35.457825,0,0,1.0044773,0.21662538,0.23312709,0.2560937,0.18460764,-42.897274,-88.79819,48.350174,-36.04622,false,501,1750.9078905813271,3.858769,453.7478,17.579208,54,745.6700018561934,30.348734,24.570053,18.157175,54,2844.6057371665497,47.42739,59.97812,16.11284,2.0505223,0,23,0,23,0,2.0443344,0.5779667,1.4663677,,,,,,,,,,,,,,,,,,,,,,,NOT_AVAILABLE,56.09582339942192,2.093798055492695,298.27702463727303,42.81076168312559,false,false,0,true,false,false,false,false,false,true,false,1.2764543E-13,6.805266E-9,0.9999983,,,,,,,,,,,,,,,,,,,,,,,PN K 3_35,291.93322916579996,21.50080778,0.1666,-2.841,-3.958,0.0,2000,7.234314950553897E-10,,0.26,0.04
1636148068921376768,Gaia DR3 2067830941174418048,2067830941174418048,324655806,2016,308.0934156680022,0.017637504,41.30524354552824,0.01982599,0.5380340195343063,0.022596164,23.810858,4.9991484,-2.85026547,0.022226082,-4.107002919,0.023078518,-0.18610953,-0.16460392,-0.13161755,0.022308037,0.27916226,0.02858511,-0.13080645,0.038572263,-0.018937679,-0.115955144,345,345,344,1,5.299128,1064.2903,0.1685012,19.447618,31,false,1.3082821,,,,,,,,39,25,0.033370096,45,18,4,0.038515795,61.039227,30,0,1.2092183,,,,,,,,,true,358,9597101.305,42972.168,223.33296,8.232017,41,2404949.6695202244,33864.055,71.01777,9.385777,40,1.1990215866860203E7,154316.38,77.69892,7.050828,1.4999493,0,41,0,40,0,2.3349495,1.1537609,1.1811886,,,,,,,,,,,,,,,,,,,,,,,VARIABLE,80.11901960212477,0.9146596466170314,328.8742558,57.221438204718446,false,false,0,true,true,false,true,false,false,true,false,1.0209395E-13,6.419221E-11,0.9999929,,,,,,,,,,,,,,,,,,,,,,,BD+40 4220,308.0934325298308,41.30526179886222,0.538,-2.85,-4.107,-34.8,2000,6.5194046559618155E-12,,0.61,0.22
1636148068921376768,Gaia DR3 1948523243682742144,1948523243682742144,845863040,2016,331.42540964865697,0.09372145,35.34845875765186,0.10322574,2.5863176128357375,0.1695317,15.255657,13.231534,11.263213517046726,0.12421546,-6.943595298,0.15680434,-0.21068485,0.19159052,0.3020993,-0.02553141,0.00917792,-0.108981386,0.057365652,0.22724707,-0.02909071,0.003013038,367,367,364,3,68.00434,92647.99,1.2039776,2866.9207,95,false,,1.114404,0.026808502,0.09046691,0.2749451,0.042660188,-0.036156528,0.20046918,42,19,0.21684611,49,17,23,0.15452422,16.78395,18,0,4.420969,,,,,,,,,false,423,1.0115558229672632E8,1180563.0,85.68419,5.6748924,47,3307754.763375864,136149.03,24.295103,9.039709,45,1.8706237661011195E8,4766084.5,39.24865,4.0679293,1.8819538,0,31,0,0,0,4.97178,3.3648167,1.6069632,-3.4680893,0.38644376,1,17,0,13,1440.8798,,1.4210855E-14,805.07336,5.4530373,3100,2.0,0.0,111,,,,3.8300195,0.060000833,17,568.79236,VARIABLE,88.71521372483805,-16.28556244,349.88380456472504,43.313554755358105,false,false,0,true,true,true,true,false,false,true,false,1.02024136E-13,5.0960543E-13,0.9999998,,,,,,,,,,,,,,,,,,,,,,,SV Peg,331.4253483,35.34848962,2.5863,11.263,-6.944,-3.47,2000,2.0715425725457684E-9,,3.0,0.06
